City_ID,City,Country,Max Temp,Current Description,Lat,Lng,Hotel Name
1,Aljezur,PT,65.71,scattered clouds,37.3191,-8.8033,Amazigh Hostel
3,Hilo,US,81.81,moderate rain,19.7297,-155.09,Hilo Hawaiian Hotel
4,Southbridge,US,76.93,overcast clouds,42.0751,-72.0334,Southbridge Hotel & Conference Center
6,Rikitea,PF,71.01,few clouds,-23.1203,-134.9692,People ThankYou
7,Muros,ES,65.98,clear sky,42.7762,-9.0603,Apartment Av. Castelao
8,Port Alfred,ZA,61.16,broken clouds,-33.5906,26.891,The Halyards Hotel
10,Lakota,CI,69.73,broken clouds,5.8528,-5.6883,Aziz bah divers
11,Puerto Carreno,CO,83.44,overcast clouds,6.189,-67.4859,Casa Hotel Victoria
12,Harper,LR,75.49,few clouds,4.375,-7.7169,Screensaver
16,Miraflores,MX,78.03,broken clouds,19.2167,-98.8083,Hotel Mansi√≥n
17,Zomin,UZ,82.58,clear sky,39.9606,68.3958,Orol hotel
19,Fonte Boa,BR,80.73,overcast clouds,-2.4959,-66.2662,
20,Bambous Virieux,MU,70.05,few clouds,-20.3428,57.7575,Casa Tia Villa
24,Jamestown,US,84.29,clear sky,42.097,-79.2353,Hampton Inn & Suites Jamestown
25,Thompson,CA,64.56,few clouds,55.7435,-97.8558,Burntwood Hotel
28,Georgetown,MY,82.89,few clouds,5.4112,100.3354,Cititel Penang
31,Pokhara,NP,72.93,overcast clouds,28.2333,83.9833,Butterfly Lodge
34,Atuona,PF,77.81,broken clouds,-9.8,-139.0333,Villa Enata
36,Albany,US,83.03,scattered clouds,42.6001,-73.9662,
39,Valleyview,CA,73.44,overcast clouds,55.0667,-117.2859,Paradise Inn & Suites
41,Marakkanam,IN,84.42,overcast clouds,12.2,79.95,OYO 73765 Ocean Breeze Guest House
42,Kapaa,US,82.72,light rain,22.0752,-159.319,Sheraton Kauai Coconut Beach Resort
44,Dodge City,US,80.64,scattered clouds,37.7528,-100.0171,Windsor Inn & Suites
45,Avarua,CK,78.85,broken clouds,-21.2078,-159.775,Paradise Inn
47,Unai,BR,69.17,clear sky,-16.3575,-46.9061,Hotel Regente
50,Doka,SD,70.41,overcast clouds,13.5167,35.7667,
55,Bocas Del Toro,PA,83.07,overcast clouds,9.3333,-82.25,Hotel Bocas del Toro
56,Shashi,CN,75.04,light rain,30.3072,112.2447,Xingyu Hotel
58,Fevik,NO,70.63,light rain,58.3794,8.6766,Strand Hotel Fevik - by Classic Norway Hotels
60,Knyaze-Volkonskoye,RU,75.54,broken clouds,48.4642,135.4567,Obshchezhitiye
62,Leh,IN,71.15,overcast clouds,34.1667,77.5833,Hotel Ladakh Greens
63,Iquique,CL,60.84,overcast clouds,-20.2208,-70.1431,Backpacker`s Hostel Iquique
65,Port-Gentil,GA,76.96,overcast clouds,-0.7193,8.7815,Fengshui Residence
67,Vila Franca Do Campo,PT,70.21,scattered clouds,37.7167,-25.4333,Pestana Bahia Praia
70,Biltine,TD,76.75,overcast clouds,14.5333,20.9167,H√¥tel Trois √âtoiles de Biltine
73,Voi,KE,65.26,clear sky,-3.3945,38.563,Voi Wildlife Lodge
74,Cape Town,ZA,60.12,clear sky,-33.9258,18.4232,Southern Sun Waterfront Cape Town
75,Boende,CD,77.9,broken clouds,-0.2167,20.8667,
77,Pedernales,DO,82.45,overcast clouds,18.0384,-71.744,Hotel Costa Marina
78,Yining,CN,74.68,clear sky,29.0361,114.5636,Xiushui Hotel
83,Puerto Ayora,EC,80.56,scattered clouds,-0.7393,-90.3518,Finch Bay Galapagos Hotel
86,Koumac,NC,72.84,clear sky,-20.5667,164.2833,Le Monitel
87,Muisne,EC,76.71,overcast clouds,0.6,-80.0333,Quinta Samay
88,Chapais,CA,64.18,overcast clouds,49.7834,-74.8492,H√¥tel Op√©miska
89,Lorengau,PG,80.19,overcast clouds,-2.0226,147.2712,Lorengau Harbourside Hotel
90,Potsdam,DE,71.11,broken clouds,52.3989,13.0657,NH Voltaire Potsdam
91,Dwarka,IN,81.39,heavy intensity rain,22.2394,68.9678,Hotel Narayan Avezika Comfort
94,Port Hardy,CA,62.78,broken clouds,50.6996,-127.4199,Airport Inn
97,Shu,KZ,81.23,clear sky,43.5983,73.7614,Shyngyzkhan
98,Aguadas,CO,63.97,overcast clouds,5.6116,-75.4562,Hotel Casa Blanca
100,Cabedelo,BR,74.07,clear sky,-6.9811,-34.8339,Hotel Pigalle
102,Butaritari,KI,82.26,light rain,3.0707,172.7902,Isles Sunset Lodge
103,Donja Dubica,BA,78.48,scattered clouds,45.075,18.4114,"Gazdinstvo ""Miƒáo I sinovi"""
105,Bar Harbor,US,66.24,mist,44.3876,-68.2039,Atlantic Oceanside Hotel & Event Center
106,Isangel,VU,75.31,broken clouds,-19.55,169.2667,Tanna Lodge
107,Namibe,AO,66.29,clear sky,-15.1961,12.1522,Hotel Chik Chik Namibe
109,Corleone,IT,78.37,clear sky,37.8134,13.3017,Leon D'Oro
110,Mumford,GH,75.11,few clouds,5.2618,-0.759,Spanish Villa
112,Lensk,RU,67.42,few clouds,60.7253,114.9278,–¢–∏–Ω–û—Ä–°
113,Banda Aceh,ID,79.48,overcast clouds,5.5577,95.3222,Sulthan Hotel International
114,Cidreira,BR,64.96,few clouds,-30.1811,-50.2056,Hotel Castelo
115,Goderich,CA,82.04,clear sky,43.7501,-81.7165,Harmony Inn
116,Baykit,RU,65.97,broken clouds,61.67,96.37,
117,Touros,BR,77.9,clear sky,-5.1989,-35.4608,INN NEW HORIZON
119,Parola,IN,76.71,broken clouds,20.8833,75.1167,"Krushana Papad & Shevai Kendra, PAROLA"
121,Chake Chake,TZ,74.73,clear sky,-5.2459,39.7666,Hotel Archipelago
122,Tevaitoa,PF,77.94,clear sky,-16.7833,-151.5,H√¥tel Raiatea Lodge
126,Lagunillas,VE,82.9,overcast clouds,10.1301,-71.2595,Casa de Beatriz y Chucho
128,Cururupu,BR,75.2,broken clouds,-1.8283,-44.8683,POUSADA TRAV√âS'CIA
129,Matagami,CA,66.31,broken clouds,49.7502,-77.6328,H√¥tel Matagami
130,Quatre Cocos,MU,69.91,scattered clouds,-20.2078,57.7625,Sunrise Attitude Hotel
131,Muli,MV,82.08,overcast clouds,2.9167,73.5667,Medhufushi Island Resort
132,Anloga,GH,77.22,few clouds,5.7947,0.8973,Pin Drop Hotel
135,Aykhal,RU,72.9,few clouds,66.0,111.5,
137,Sorong,ID,76.8,overcast clouds,-0.8833,131.25,waigo splash hotel
138,Yellowknife,CA,63.32,scattered clouds,62.456,-114.3525,The Explorer Hotel
139,Tunceli,TR,76.06,clear sky,39.1083,39.5471,Grand Hotel ≈ûaroƒülu
140,Kavieng,PG,81.61,light rain,-2.5744,150.7967,Nusa Island Retreat
142,Vaini,TO,77.16,scattered clouds,-21.2,-175.2,Keleti Beach Resort
146,Hambantota,LK,77.34,broken clouds,6.1241,81.1185,Bungalow 63
148,Svetlyy,RU,68.05,overcast clouds,54.675,20.1347,"Gostinitsa-Kafe, Alena"
150,Dingle,PH,77.4,scattered clouds,10.9995,122.6711,SEGAYA PROPERTY
151,Hithadhoo,MV,81.0,light rain,-0.6,73.0833,Scoop Guest House
152,Havre-Saint-Pierre,CA,71.96,clear sky,50.2334,-63.5986,Auberge Niapiskau
153,Basco,PH,82.69,overcast clouds,20.4487,121.9702,Nathaniel's Lodge
154,Nouadhibou,MR,71.58,clear sky,20.931,-17.0347,El Medina
155,Azare,NG,76.78,light rain,11.6765,10.1948,Muk hostel
157,Rosario Do Sul,BR,69.6,clear sky,-30.2583,-54.9142,Hotel Areias Brancas
158,Noumea,NC,71.01,broken clouds,-22.2763,166.4572,H√¥tel Le Lagon
160,Kuching,MY,77.22,few clouds,1.55,110.3333,The Ranee Boutique Suites
162,Hualmay,PE,65.61,few clouds,-11.0964,-77.6139,Hotel Villa Kitzia Huacho
164,Huarmey,PE,67.71,clear sky,-10.0681,-78.1522,Hotel Miramar
168,Rio Grande,BR,65.95,few clouds,-32.035,-52.0986,Hotel Atl√¢ntico Rio Grande
170,Fassuta,IL,71.73,clear sky,33.0483,35.3098,Villa Rosa Galilea
171,Praia Da Vitoria,PT,71.76,broken clouds,38.7333,-27.0667,Hotel Branco I
172,Saint-Philippe,RE,67.55,broken clouds,-21.3585,55.7679,"Chambres d'h√¥te ""La Trinit√©"""
175,Kabalo,CD,74.68,scattered clouds,-6.05,26.9167,
176,Aripuana,BR,84.67,few clouds,-9.1667,-60.6333,
178,Shimoda,JP,74.1,scattered clouds,34.6667,138.95,Shimoda Tokyu Hotel
179,San Cristobal,VE,77.18,overcast clouds,7.7669,-72.225,Posada Villaven C.A.
180,Port Blair,IN,81.93,light rain,11.6667,92.75,"Welcomhotel By ITC Hotels, Bay Island, Port Blair"
181,Niquelandia,BR,73.02,clear sky,-14.4739,-48.4597,Hotel Suin√£
182,Nueva Loja,EC,80.62,broken clouds,0.0847,-76.8828,Limoncocha Great Hotel
183,Arraial Do Cabo,BR,71.56,clear sky,-22.9661,-42.0278,Pousada Porto Praia
184,Apricena,IT,84.87,overcast clouds,41.7839,15.4437,Bed & Breakfast CORSO ROMA
185,Kaohsiung,TW,84.15,broken clouds,22.6163,120.3133,Âæ°ÂÆøÂïÜÊóÖ-‰∏≠Â±±È§®
186,Salalah,OM,78.89,broken clouds,17.0151,54.0924,HAMDAN PLAZA HOTEL SALALAH
188,Bundu,IN,80.82,overcast clouds,23.1833,85.5833,Rajdhani Hotel
189,Bethel,US,82.94,scattered clouds,41.3712,-73.414,Courtyard by Marriott Danbury
190,Bathsheba,BB,79.41,light intensity shower rain,13.2167,-59.5167,Atlantis Hotel
191,Shimanovsk,RU,67.41,scattered clouds,52.0,127.7,–ì–æ—Å—Ç–∏–Ω–∏—Ü–∞ –î–æ–º–∞—à–Ω—è—è
195,Vao,NC,71.17,scattered clouds,-22.6667,167.4833,Hotel Kou-Bugny
197,Raudeberg,NO,65.07,few clouds,61.9875,5.1352,Nordre Silda.
198,Japura,ID,74.03,few clouds,-0.3167,102.35,Rumah mbah Jamah
201,Wunsiedel,DE,64.42,broken clouds,50.0333,12.0167,SOIBELMANNS Hotel Alexandersbad
202,Ryotsu,JP,80.56,clear sky,38.0833,138.4333,Sadokamoko Onsen Kohanno Yado Yoshidaya
203,Maceio,BR,74.64,broken clouds,-9.6658,-35.7353,Poutur Pousada
204,Gat,IL,81.81,clear sky,31.61,34.7642,OlusHome
206,Tiarei,PF,82.42,clear sky,-17.5333,-149.3333,Le Rocher de Tahiti
207,Methoni,GR,80.22,clear sky,36.8197,21.7049,Methoni Beach Hotel
209,San Isidro,PE,65.79,overcast clouds,-12.1167,-77.05,Soul Mate-Inn
210,Alushta,UA,77.54,overcast clouds,44.6667,34.4167,Villa Lubimaya
211,Murree,PK,68.25,clear sky,33.9073,73.393,Lockwood Hotel Murree
217,Diamantino,BR,81.81,few clouds,-14.4086,-56.4461,Hotel Delta
218,Verkhoyansk,RU,64.89,broken clouds,67.5447,133.385,
219,Auki,SB,80.38,broken clouds,-8.7676,160.7034,Auki Motel
224,Gwadar,PK,82.45,overcast clouds,25.1216,62.3254,Sadaf Resort
225,Sudak,UA,73.81,scattered clouds,44.85,34.9667,Solari Beach
228,Shelburne,CA,83.26,clear sky,44.0787,-80.2041,The Retreat at the Farm
229,Babu,CN,76.48,clear sky,24.4167,111.5167,IU Hotel Hezhou Bus Terminal
230,Wuwei,CN,72.97,overcast clouds,37.9281,102.6414,Thank Inn Chain Hotel gansu wuwei liangzhou district xiguan middle road
232,Kencong,ID,66.61,few clouds,-8.2833,113.3667,GUBUK SUGIANTO
233,Joniskis,LT,65.32,broken clouds,56.2403,23.6153,Audruvis
234,Sept-Iles,CA,66.25,broken clouds,50.2001,-66.3821,Comfort Inn
235,Ambilobe,MG,62.64,broken clouds,-13.2,49.05,H√¥tel & Restaurant DIANA Ambilobe
240,Kieta,PG,80.13,moderate rain,-6.2167,155.6333,Uruna Bay Retreat
241,Myitkyina,MM,74.1,overcast clouds,25.3833,97.4,Shwe Phyu Hotel
242,Vostok,RU,74.46,overcast clouds,46.4856,135.8833,
243,La Ronge,CA,70.02,broken clouds,55.1001,-105.2842,Northland Motor Hotel
245,Jumla,NP,64.96,overcast clouds,29.2747,82.1838,"‡§Ö‡§®‡•ç‡§®‡•Ä ‡§ò‡§∞, ‡§ú‡•Å‡§Æ‡•ç‡§≤‡§æ - Anni Ghar"
247,Isla Mujeres,MX,84.25,overcast clouds,21.2311,-86.731,Hotel La Joya Isla Mujeres
249,Nikolskoye,RU,66.09,scattered clouds,59.7035,30.7861,Tourist House - Sablino
250,Shingu,JP,75.9,clear sky,33.7333,135.9833,Shingu UI Hotel
251,Ankpa,NG,69.55,broken clouds,7.3706,7.6253,AA Suites
253,Karratha,AU,67.93,broken clouds,-20.7377,116.8463,ibis Styles Karratha
254,Northam,GB,64.29,scattered clouds,51.0333,-4.2167,Durrant House Hotel
256,Ponta Do Sol,PT,77.0,clear sky,32.6667,-17.1,Hotel do Campo
257,Port Moresby,PG,71.02,broken clouds,-9.4431,147.1797,Lamana Hotel (Port Moresby)
258,Torbay,CA,60.28,broken clouds,47.6666,-52.7314,Gallows Cove
262,Parabel,RU,60.46,few clouds,58.6978,81.4825,Housing Complex Gazprom Transgaz Tomsk
263,Jacareacanga,BR,84.63,scattered clouds,-6.2222,-57.7528,Casa do Ianüòé
264,Sao Jose Da Coroa Grande,BR,74.08,few clouds,-8.8978,-35.1478,Cr√¥a Mares Hotel
266,Cayenne,GF,78.84,broken clouds,4.9333,-52.3333,H√¥tel Le Dronmi
268,Rongcheng,CN,75.85,overcast clouds,30.634,117.8517,Shell Shandong Liaocheng Development District South Huangshan Road Hotel
269,Luanda,AO,71.6,few clouds,-8.8368,13.2343,LANDU MARINEZA LUFUANDU TONI
271,Polis,CY,78.62,clear sky,35.0367,32.4264,Marion
273,Chumikan,RU,67.35,clear sky,54.7183,135.315,Fortuna
274,Cap Malheureux,MU,70.29,few clouds,-19.9842,57.6142,Pereybere Hotel & Spa
275,Homa Bay,KE,69.48,scattered clouds,-0.5273,34.4571,ACK Guest House - Homa Bay
276,Marfino,RU,62.85,clear sky,55.7028,37.3822,Nemchinovka-Park
277,Sakata,JP,77.05,scattered clouds,38.9167,139.855,Hotel Rich & Garden Sakata
278,Prince Rupert,CA,62.29,light rain,54.3161,-130.3201,Crest Hotel
280,Guatire,VE,81.1,overcast clouds,10.4762,-66.5427,Parque Residencial Canaima I
281,Fortuna,US,63.99,clear sky,40.5982,-124.1573,Super 8 by Wyndham Fortuna
283,Faanui,PF,78.08,clear sky,-16.4833,-151.75,Bora-Bora Pearl Beach Resort & Spa
285,Hobyo,SO,76.28,few clouds,5.3505,48.5268,Halane Hotel and Restaurent
286,Sarankhola,BD,80.47,overcast clouds,22.3082,89.7897,Md Mostafiz Mir Al Imran's House
288,Zemio,CF,69.01,light rain,5.0314,25.1361,OCHA Office
291,Sao Francisco,BR,69.93,clear sky,-15.9486,-44.8644,Hotel Supremo
293,Vikhorevka,RU,67.59,overcast clouds,56.1201,101.1636,Pansionat Sosnovyye Rodniki
295,Calvia,ES,77.47,clear sky,39.5657,2.5062,Castell Son Claret
297,Sao Filipe,CV,74.26,scattered clouds,14.8961,-24.4956,Hotel Xaguate
301,Fujin,CN,73.98,overcast clouds,47.26,132.0322,Xilong Hotel Fujin Shop
302,Beloha,MG,62.31,broken clouds,-25.1667,45.05,
303,Kijang,KR,80.33,overcast clouds,35.2442,129.2139,Samyang Beach Villa
304,Faya,SA,66.31,overcast clouds,18.3851,42.4509,ÿßŸÖŸÑÿßŸÉ ÿÆÿßŸÑÿØ ÿßŸÑÿ¥ÿπÿ¥Ÿàÿπ
306,Honiara,SB,80.85,broken clouds,-9.4333,159.95,Heritage Park Hotel
307,Ouadda,CF,68.68,light rain,8.0777,22.4007,
308,Jiaozuo,CN,77.11,overcast clouds,35.2397,113.2331,Days Hotel and Suites Jiaozuo
309,Nemuro,JP,63.1,clear sky,43.3236,145.575,Hotel Nemuro Kaiyoutei
310,Camacha,PT,73.53,broken clouds,33.0833,-16.3333,Hotel Porto Santo & Spa
311,Meulaboh,ID,76.33,overcast clouds,4.1363,96.1285,Kost Pria
312,Sioux Lookout,CA,80.67,broken clouds,50.1001,-91.917,Knobby's Fly-In Camps
313,Ankang,CN,75.65,light rain,32.68,109.0172,ÂÆâÁê™ÈÖíÂ∫ó
314,Teya,RU,63.57,scattered clouds,60.3778,92.6267,
316,Norman Wells,CA,73.44,scattered clouds,65.282,-126.8329,Heritage Hotel
318,Crevalcore,IT,81.82,broken clouds,44.7206,11.1498,Casa Papi
322,Komsomolskiy,UZ,80.02,clear sky,40.4272,71.7189,Ikathouse
325,Achi,CO,75.49,overcast clouds,8.5682,-74.554,Hotel Sahar
326,Imbituba,BR,67.89,overcast clouds,-28.24,-48.6703,Praia Hotel Imbituba
327,Lata,PT,70.03,broken clouds,40.1629,-8.3327,Casa Maquia
328,Karpathos,GR,76.21,clear sky,35.507,27.2132,Alex
329,Bhatkal,IN,78.31,overcast clouds,13.9667,74.5667,Nilawar Palace
330,Payo,ID,67.48,clear sky,-3.7508,103.6372,Mess keban agung
331,Chalons-En-Champagne,FR,64.98,scattered clouds,48.9539,4.3672,Hotel D'Angleterre
332,Saint-Joseph,RE,66.56,scattered clouds,-21.3667,55.6167,"""Plantation Bed and Breakfast"
335,Babayurt,RU,71.62,clear sky,43.6002,46.7789,Otel' Babaiurt
337,Tungi,BD,84.2,haze,23.89,90.4058,Grand Dhaka Hotel
338,Porto Novo,BJ,75.25,few clouds,6.4965,2.6036,Tour Eiffel Hotel Benin
340,Trincomalee,LK,81.43,overcast clouds,8.5711,81.2335,Welcombe Hotel
341,Vanimo,PG,76.39,overcast clouds,-2.6741,141.3028,Vahmoneh Lodge Vanimo
342,Kytmanovo,RU,64.2,scattered clouds,53.4593,85.4479,
343,Xiuyan,CN,71.71,overcast clouds,40.2928,123.2744,Helin Holiday Hotel
346,Caravelas,BR,69.78,few clouds,-17.7125,-39.2481,Pousada dos Navegantes
347,Hami,CN,83.19,clear sky,42.8,93.45,Laoyutang Resort
349,Saint-Paul,RE,68.09,light rain,-21.0096,55.2707,Boucan Canot
350,Alta Floresta,BR,82.38,few clouds,-9.8756,-56.0861,Floresta Amazonica Hotel
352,Juneau,US,60.84,light rain,58.3019,-134.4197,"Baranof Downtown, Bw Signature Collection"
355,Borogontsy,RU,65.41,clear sky,62.6683,131.1683,
356,Florianopolis,BR,65.43,clear sky,-27.6146,-48.5012,Hotel Boutique Quinta das Videiras
358,Devrek,TR,65.35,clear sky,41.2192,31.9558,Otel Kƒ±yƒ±cƒ±
359,Fare,PF,77.83,clear sky,-16.7,-151.0167,Maitai Lapita Village Huahine
361,Mahebourg,MU,70.09,few clouds,-20.4081,57.7,Shandrani Beachcomber Resort & Spa
362,Bengkulu,ID,73.83,clear sky,-3.8004,102.2655,Grage Hotel Bengkulu
364,Porto Empedocle,IT,81.9,clear sky,37.2934,13.5264,Hotel dei Pini
366,Ambon,ID,75.34,scattered clouds,-3.6954,128.1814,Swiss-Belhotel Ambon
367,Kloulklubed,PW,83.61,moderate rain,7.0419,134.2556,Storyboard Beach Resort
368,Muncar,ID,69.8,scattered clouds,-8.4333,114.3333,Zaky Homestay
369,Balikpapan,ID,77.99,few clouds,-1.2675,116.8289,ibis Balikpapan
370,Kontagora,NG,72.84,light rain,10.3999,5.4695,Queens Guest Inn
372,Sarangani,PH,83.68,overcast clouds,5.4033,125.4636,Ballistic Islet
373,Chuy,UY,62.26,clear sky,-33.6971,-53.4616,Nuevo Hotel Plaza
374,Santa Fe,AR,60.03,clear sky,-31.6333,-60.7,Conquistador Hotel
375,Chateaubelair,VC,84.81,scattered clouds,13.2833,-61.25,Richmond Vale Diving & Hiking Center
376,Nauta,PE,79.21,broken clouds,-4.5061,-73.5757,Amazon Exploring Expedition - Eretzen T√° Lodge
378,Yarada,IN,82.72,mist,17.65,83.2667,Jeevan
379,Khandbari,NP,73.11,moderate rain,27.3747,87.2039,Sainik Hotel And Lodge
380,Ladnun,IN,83.71,broken clouds,27.65,74.3833,Varsha Sanjay Sadan
381,Roald,NO,67.15,clear sky,62.5833,6.1333,Flem Cabins
382,Merauke,ID,77.29,overcast clouds,-8.4667,140.3333,
383,Guerrero Negro,MX,78.12,scattered clouds,27.9769,-114.0611,"Casa Laguna, Bed & Breakfast"
384,Kisaran,ID,74.39,broken clouds,2.9845,99.6158,Penginapan Batubara1
386,Catalina,US,74.08,light rain,32.5056,-110.9211,Miraval Arizona Resort & Spa
388,Haines Junction,CA,60.75,overcast clouds,60.7522,-137.5108,Parkside Inn
391,Lindas,NO,71.73,overcast clouds,60.7381,5.16,Westland Hotel AS
392,Saint-Augustin,CA,68.43,scattered clouds,51.226,-58.6502,
393,Breznik,BG,65.39,clear sky,42.7414,22.8981,"Guest House ""Margarita"""
394,Solnechnyy,RU,73.24,overcast clouds,50.7214,136.6319,Hotel complex Pastoral
395,Lasa,IT,63.86,broken clouds,46.6166,10.7002,Pension Feldg√§rtenhof
396,Wana,PK,84.24,clear sky,32.2989,69.5725,Rest House at Wana Camp
397,Shirokiy,RU,68.05,overcast clouds,49.758,129.523,
399,Mantua,IT,80.92,broken clouds,45.1667,10.7833,Hotel la Favorita
400,Feijo,BR,82.72,overcast clouds,-8.1642,-70.3536,Hotel e Restaurante A“´ai
401,Envira,BR,82.36,overcast clouds,-7.3,-70.2167,
403,Mayumba,GA,70.74,broken clouds,-3.432,10.6554,LIKWALE LODGE
405,Stenlille,DK,69.62,overcast clouds,55.5402,11.5915,ASSENTORP CAMPING
406,Pisco,PE,64.45,few clouds,-13.7,-76.2167,Hotel San Isidro Oficial
408,Hay River,CA,62.56,scattered clouds,60.8156,-115.7999,Ptarmigan Inn
411,Verkhnevilyuysk,RU,68.18,clear sky,63.4453,120.3167,Gostinitsa Mila
412,Owando,CG,75.56,overcast clouds,-0.4819,15.8999,Exaunel Hotel Owando
414,Sinop,TR,61.86,clear sky,41.7711,34.8709,
416,Kiunga,PG,71.33,overcast clouds,-6.1219,141.2906,Airport Lodge Kiunga
417,Padang,ID,77.58,scattered clouds,-0.9492,100.3543,Mercure Padang
418,Caucaia,BR,80.55,few clouds,-3.7361,-38.6531,M.O.S. Log√≠stica - Filial Fortaleza
419,Sao Joao Da Barra,BR,71.69,clear sky,-21.6403,-41.0511,Pousada Porto De Canoas
420,Perivolion,GR,76.55,clear sky,39.4206,20.0147,Santa Maria
421,Longonjo,AO,60.73,clear sky,-12.9067,15.2533,
423,Balkanabat,TM,83.46,clear sky,39.5108,54.3671,Nebitchi Hotel
426,Yangcun,CN,80.28,broken clouds,39.3639,117.0603,Hanting Express Tianjin Wuqing Jingjin Road
427,Mbengwi,CM,61.03,overcast clouds,6.0167,10.0,Senate Hotel
428,Talara,PE,68.43,scattered clouds,-4.5772,-81.2719,Hostal Oro Negro
429,Ambanja,MG,65.01,few clouds,-13.6833,48.45,Hotel Salama and Fast Food
430,Grand Gaube,MU,70.2,few clouds,-20.0064,57.6608,Veranda Paul et Virginie Hotel & Spa
433,Niquero,CU,84.47,scattered clouds,20.0431,-77.5828,Islazul Niquero
435,Ilfracombe,GB,64.6,broken clouds,51.2093,-4.1134,The Sandy Cove Hotel
436,Ampanihy,MG,61.39,broken clouds,-24.7,44.75,Angora Hotel
437,Urumqi,CN,79.75,clear sky,43.801,87.6005,Hua Ling Grand Hotel Urumqi
439,Saint-Pierre,RE,67.64,clear sky,-21.3393,55.4781,Lindsey H√¥tel
440,Maragogi,BR,73.85,scattered clouds,-9.0122,-35.2225,Salinas do Maragogi All Inclusive Resort
443,Martapura,ID,71.69,clear sky,-3.4167,114.85,Montana Hotel Syariah
444,Kimbe,PG,78.49,light rain,-5.5502,150.1429,Kimbe Bay Hotel
445,Pau Brasil,BR,66.97,scattered clouds,-15.4642,-39.6511,Tina Hotel
446,Indramayu,ID,75.4,clear sky,-6.3264,108.32,Grand Trisula Hotel
447,Jacqueville,CI,76.91,broken clouds,5.2052,-4.4146,Hotel Le Martin Pecheur
453,Fort Saint James,CA,70.16,broken clouds,54.4333,-124.25,The View Hotel
455,Yerbogachen,RU,64.9,broken clouds,61.2767,108.0108,
456,Tarnobrzeg,PL,69.85,broken clouds,50.573,21.6794,Restauracja i Hotel Kameleon
457,Fukue,JP,79.63,overcast clouds,32.6881,128.8419,Goto Guesthouse Utojuku & SA Car Rental
459,Kyzyl-Suu,KG,66.76,clear sky,42.3414,78.0056,Gostinitsa Nur-Ordo
461,Lubao,PH,82.47,light rain,14.9167,120.55,Hacienda Gracia
463,Tautira,PF,82.42,clear sky,-17.7333,-149.15,Pension Oaoa
465,Tura,IN,75.09,overcast clouds,25.5198,90.2201,Hotel RIKMAN Continental
466,Kaeo,NZ,60.33,scattered clouds,-35.1,173.7833,Bushido Lodge
468,Hulan,CN,75.31,overcast clouds,45.9833,126.6,Mingda Hotel
469,Alihe,CN,60.94,overcast clouds,50.5667,123.7167,Alihe Forestry Hotel
470,Ribeira Grande,PT,70.45,scattered clouds,38.5167,-28.7,Quinta da Meia Eira
473,Nasirabad,IN,78.71,overcast clouds,26.3,74.7333,Lakshmi Hotel
474,Alofi,NU,80.49,clear sky,-19.0595,-169.9187,Taloa Heights
475,Hasaki,JP,77.29,few clouds,35.7333,140.8333,Hotel Sunrise Choshi
477,Katsuura,JP,82.11,scattered clouds,35.1333,140.3,Katsuura Hotel Mikazuki
480,Itarema,BR,78.4,few clouds,-2.9248,-39.9167,"Sea Lounge! Bar, Club & Restaurant"
481,Palmer,US,79.32,overcast clouds,42.1584,-72.3287,Wedgewood Motel
482,Kyabe,TD,72.07,light rain,9.4515,18.9449,
485,Boa Vista,BR,82.38,thunderstorm with light rain,2.8197,-60.6733,Aipana Plaza Hotel
486,Gizo,SB,81.63,few clouds,-8.103,156.8419,Imagination Island
487,Galesong,ID,66.22,scattered clouds,-5.3166,119.3661,Sapriadi Appy
488,Baglung,NP,71.67,overcast clouds,28.2719,83.5898,"Hotel Peace Palace, Baglung, Nepal"
489,Upata,VE,72.19,overcast clouds,8.0086,-62.3989,Posada Villa Nela
492,Nantucket,US,73.51,overcast clouds,41.2835,-70.0995,Jared Coffin House
493,Prado,BR,70.07,clear sky,-17.3411,-39.2208,INN CORNER RIVER - PRADO - BAHIA - HOUSING AND HOTEL
494,Manta,EC,76.78,broken clouds,-0.95,-80.7333,Balandra Hotel
495,Mugla,TR,68.67,few clouds,37.2303,28.3557,Petek Hotel
497,Thinadhoo,MV,81.1,broken clouds,0.5333,72.9333,
498,Zhigansk,RU,62.74,scattered clouds,66.7697,123.3711,Gostinichnyy Kompleks Aylgy
499,Khaniotis,GR,81.5,clear sky,39.9991,23.58,Haris Hotel
501,Smithers,CA,61.12,light rain,54.7804,-127.1743,"Prestige Hudson Bay Lodge, Premier Collection"
503,Tagusao,PH,81.37,broken clouds,9.1924,117.8141,Toledo
505,Shangrao,CN,75.72,overcast clouds,28.4532,117.9686,Boyue boutique Hotel
509,Kirundo,BI,70.57,overcast clouds,-2.5833,30.1667,Maranatha Hotel
511,Ha Tinh,VN,77.88,overcast clouds,18.3333,105.9,Ph√∫ Qu√Ω
512,Soyalo,MX,76.1,broken clouds,16.9,-92.9167,Posada Casa Real
514,Los Llanos De Aridane,ES,69.55,clear sky,28.6585,-17.9182,Valle Aridane
516,Xiongzhou,CN,77.47,overcast clouds,25.1167,114.3,Xinhewan Business Hotel
518,Chalus,IR,80.06,broken clouds,36.655,51.4204,ŸÜÿ∏ÿßŸÖ ŸÖŸáŸÜÿØÿ≥Ÿä ÿ≥ÿßÿÆÿ™ŸÖÿßŸÜ ⁄ÜÿßŸÑŸàÿ≥
519,Merke,KZ,78.85,clear sky,42.8728,73.1786,Gostinitsa Merki
523,Kudat,MY,82.33,few clouds,6.8837,116.8477,Dream Garden Hotel
524,Barra Patuca,HN,83.25,scattered clouds,15.8,-84.2833,
526,Thanh Hoa,VN,77.4,overcast clouds,19.8,105.7667,KH√ÅCH S·∫†N NG·ªåC LY 8
527,Atambua,ID,65.86,scattered clouds,-9.1061,124.8925,Pastori 1 Jemaat Polycarpus
528,Bilma,NE,78.6,overcast clouds,18.6853,12.9164,Expeditions T√©n√©re voyages
529,Curuca,BR,75.97,broken clouds,-0.7289,-47.8481,Hotel Curu√ßa
532,Asau,RO,65.32,scattered clouds,46.4333,26.4,Casa Mika Ciobanus
533,Canaries,ES,66.16,few clouds,28.0,-15.5,Villa del Monte
534,Kavaratti,IN,80.78,overcast clouds,10.5669,72.642,Hotels in Lakshadweep Islands
537,Zhanaozen,KZ,83.21,clear sky,43.3,52.8,K.korabay 28A
539,Teahupoo,PF,76.96,clear sky,-17.8333,-149.2667,Vanira Lodge
540,Palu,ID,73.13,scattered clouds,-0.8917,119.8707,Hotel Santika Palu
542,Kysyl-Syr,RU,68.58,broken clouds,63.8986,122.7617,
543,Dawei,MM,75.96,heavy intensity rain,14.0833,98.2,Hotel Dawei
544,Golfito,CR,76.03,overcast clouds,8.639,-83.166,Banana Bay Marina
549,Sibu,MY,77.31,few clouds,2.3,111.8167,RH HOTEL (4 Star)
552,Busembatia,UG,64.09,broken clouds,0.7697,33.6131,ROMA GUEST HOUSE
553,Kantabanji,IN,77.45,overcast clouds,20.4833,82.9167,Kamdhenu Borewell And Trading
555,Cortland,US,82.67,clear sky,42.6001,-76.083,Cortland Motel
556,Simbahan,PH,82.71,scattered clouds,6.3032,120.5836,
557,Senneterre,CA,75.42,scattered clouds,48.3835,-77.2328,Motel Senabi
560,Xinzhi,CN,76.8,overcast clouds,36.4989,111.7047,Mingyue Hotel
561,Marang,MY,80.51,moderate rain,5.2056,103.2059,DBarakah Homestay
562,College,US,68.58,broken clouds,64.8569,-147.8028,Pike's Waterfront Lodge
564,Barauna,BR,78.57,overcast clouds,-5.08,-37.6167,Pousada Rancho do Sabi√°
565,Sao Felix Do Xingu,BR,80.26,broken clouds,-6.6447,-51.995,Rio Xingu Camping
566,Inirida,CO,77.38,overcast clouds,3.8653,-67.9239,Fuente del Guania Hotel de Lujo
567,Souillac,MU,70.18,few clouds,-20.5167,57.5167,Shanti Maurice Resort & Spa
568,Moba,CN,62.92,broken clouds,33.2288,105.0179,
569,Makat,KZ,79.18,clear sky,47.6469,53.3463,Umit
570,Dalaba,GN,63.36,moderate rain,10.7,-12.25,H√¥tel Tangama
571,Poum,NC,72.91,clear sky,-20.2333,164.0167,G√Æte kajeon
572,Fryanovo,RU,61.12,overcast clouds,56.1333,38.45,Mb Resort
573,Shiyan,CN,77.41,clear sky,32.6475,110.7781,Fenghuang Garden Holiday Hotel
574,Gryazi,RU,62.22,broken clouds,52.4966,39.9359,–ì–æ—Å—Ç–∏–Ω–∏—Ü–∞ –ù–∏–∫–∞
575,Port Keats,AU,68.95,broken clouds,-14.25,129.55,TDC Village (Hundred Man Camp)
576,Yebaishou,CN,69.96,overcast clouds,41.3975,119.6408,Siji Home
577,Jutai,BR,82.29,overcast clouds,-5.1833,-68.9,
578,Najran,SA,84.85,overcast clouds,17.4924,44.1277,ŸÖÿ≠ŸÖÿØ ŸáÿßÿØŸä ÿßŸÑ ŸÅÿ∑Ÿäÿ≠
580,Lagoa,PT,69.42,broken clouds,39.05,-27.9833,Casa Das Faias
581,Kapuskasing,CA,78.89,smoke,49.4169,-82.4331,Park Inn Motel
583,Maypangdan,PH,78.82,broken clouds,11.6519,125.4503,GV Hotel Borongan
584,Mesetas,CO,75.81,broken clouds,3.3846,-74.0442,Hotel Do√±a Betty
585,Sibolga,ID,76.51,broken clouds,1.7427,98.7792,Hotel Syariah CN Darussalam
586,Awjilah,LY,83.17,clear sky,29.1081,21.2869,
588,Marsh Harbour,BS,83.05,overcast clouds,26.5412,-77.0636,Abaco Beach Resort
590,Flin Flon,CA,66.04,scattered clouds,54.7682,-101.865,Victoria Inn Flin Flon
593,Bandundu,CD,78.42,overcast clouds,-3.3167,17.3667,Coja Color
597,Soyo,AO,71.28,broken clouds,-6.1349,12.3689,Hotel Mpampa
598,Minbu,MM,80.11,overcast clouds,20.1833,94.8833,Pan Tha Tin Guest House - Burmese Only
599,Margate,GB,64.69,broken clouds,51.3813,1.3862,Premier Inn Margate hotel
600,Petropavlovsk-Kamchatskiy,RU,64.99,clear sky,53.0452,158.6483,The Hotel Petropavlovsky
602,Cochrane,CA,83.43,few clouds,51.1834,-114.4687,Days Inn & Suites by Wyndham Cochrane
605,Namatanai,PG,80.06,light rain,-3.6667,152.4333,Seagulls Inn Namatani
607,Belmonte,BR,68.5,broken clouds,-15.8631,-38.8828,Pousada Monte Carmelo O P√£o
609,Gberia Fotombu,SL,69.8,overcast clouds,9.8833,-11.1667,
610,Gloucester,GB,68.22,overcast clouds,51.8657,-2.2431,Edward Hotel
611,Watertown,US,76.69,overcast clouds,42.3709,-71.1828,Sonesta International Hotels Corporation
613,Argentan,FR,63.32,broken clouds,48.75,-0.0167,Hostellerie De La Renaissance
615,Fairbanks,US,69.03,broken clouds,64.8378,-147.7164,Westmark Fairbanks Hotel & Conference Center
618,Nobeoka,JP,76.77,overcast clouds,32.5833,131.6667,En City Hotel Nobeoka
619,Ust-Maya,RU,65.05,clear sky,60.4167,134.5333,
622,Ormara,PK,82.0,overcast clouds,25.2088,64.6357,Crystal Beach and Camping Resort Ormara
625,Torquay,GB,66.58,broken clouds,50.4638,-3.5143,The Grand Hotel
626,Osakarovka,KZ,61.09,clear sky,50.565,72.5692,Motel' Osakarovka
627,North Bend,US,81.25,fog,43.4065,-124.2243,Red Lion Hotel Coos Bay
628,Svetlogorsk,BY,63.88,scattered clouds,52.6333,29.7333,Hotel Svetlogorsk JBIK
631,Prince George,CA,64.26,clear sky,53.9166,-122.753,Canadas Best Value Inn Prince George
632,Sola,VU,79.47,broken clouds,-13.8833,167.55,Leumerus Bungalows
635,Nabire,ID,76.03,overcast clouds,-3.3667,135.4833,Hotel Nusantara Nabire
636,Luorong,CN,78.37,few clouds,24.4058,109.6086,Ëç£Á´ãÂ§ßÈÖíÂ∫ó
637,Buala,SB,82.09,scattered clouds,-8.145,159.5921,Maringe Lagoon Lodge
642,Morondava,MG,69.6,few clouds,-20.2833,44.2833,La Case Bambou
643,Benavente,ES,60.91,overcast clouds,42.0025,-5.6783,Parador de Benavente
644,Sabha,LY,82.33,clear sky,27.0377,14.4283,Foundation Taaj Asala for Historical Research and Archeology
645,Tateyama,JP,78.82,overcast clouds,34.9833,139.8667,Tateyama Seaside Hotel
646,Turukhansk,RU,63.34,scattered clouds,65.8167,87.9833,"–û–û–û ""–¢—É—Ä—É—Ö–∞–Ω—Å–∫–∞—è –ø—É—à–Ω–∏–Ω–∞"""
647,Kamaishi,JP,73.09,broken clouds,39.2667,141.8833,Hotel Route Inn Kamaishi
648,Olgod,DK,68.36,broken clouds,55.8068,8.6286,Nilles bed & breakfast
650,Shaowu,CN,75.96,overcast clouds,27.3409,117.4831,Yijie Express Hotel
652,Ketchikan,US,61.27,light rain,55.3422,-131.6461,Snows Cove Lodge
654,Corinto,GR,80.89,clear sky,37.9407,22.9573,Ephira Hotel
656,Raga,SS,70.39,light rain,8.4596,25.678,
658,San Nicola,IT,79.57,overcast clouds,40.6116,8.991,B&B Santu Larentu
662,Artyom,AZ,80.74,clear sky,40.4723,50.333,Merdan Respect
663,Praya,CV,77.54,scattered clouds,14.9215,-23.5087,LT Aparthotel
664,Stabat,ID,74.43,broken clouds,3.761,98.4513,Link VII damai
665,Bosobolo,CD,72.32,overcast clouds,4.1833,19.9,
666,San Quintin,MX,68.58,overcast clouds,30.4833,-115.95,Don Eddie's Sport Fishing Center
667,Codo,BR,79.45,broken clouds,-4.4553,-43.8856,Hotel Porto do Sol
671,Yantal,RU,61.0,scattered clouds,56.8471,105.2542,
672,Bairiki,KI,78.8,broken clouds,1.3292,172.9752,Tarawa Boutique Hotel
675,Udachnyy,RU,72.45,broken clouds,66.4167,112.4,Severnoye Siyaniye
678,Chiang Rai,TH,75.18,light rain,19.9167,99.9167,Bansaeo Garden and Resort
680,Huangmei,CN,76.48,broken clouds,30.1924,116.025,Tianxiachan Hotel
684,Denpasar,ID,73.06,scattered clouds,-8.65,115.2167,ASTON Denpasar Hotel & Convention Center
685,Bondowoso,ID,68.83,clear sky,-7.9135,113.8214,Anugerah Hotel Bondowoso
