,City,Country,Lat,Lng,Max Temp,Humidity,Cloudiness,Wind Speed,Current Description
0,Ushuaia,AR,-54.8,-68.3,35.26,87,40,26.46,scattered clouds
1,Aljezur,PT,37.3191,-8.8033,65.71,96,35,9.17,scattered clouds
2,Mayo,US,38.8876,-76.5119,90.52,72,20,3.0,few clouds
3,Hilo,US,19.7297,-155.09,81.81,83,90,6.91,moderate rain
4,Southbridge,US,42.0751,-72.0334,76.93,92,99,7.7,overcast clouds
5,Barrow,US,71.2906,-156.7887,44.62,93,90,11.5,light rain
6,Rikitea,PF,-23.1203,-134.9692,71.01,67,19,4.7,few clouds
7,Muros,ES,42.7762,-9.0603,65.98,84,8,6.4,clear sky
8,Port Alfred,ZA,-33.5906,26.891,61.16,37,65,10.27,broken clouds
9,Mar Del Plata,AR,-38.0023,-57.5575,52.09,60,90,8.01,overcast clouds
10,Lakota,CI,5.8528,-5.6883,69.73,96,70,2.84,broken clouds
11,Puerto Carreno,CO,6.189,-67.4859,83.44,71,99,1.9,overcast clouds
12,Harper,LR,4.375,-7.7169,75.49,76,22,6.24,few clouds
13,Ust-Ordynskiy,RU,52.805,104.7508,51.64,76,2,3.83,clear sky
14,Hermanus,ZA,-34.4187,19.2345,59.9,53,100,9.86,overcast clouds
15,Kirkwood,US,38.5834,-90.4068,89.58,72,90,1.99,overcast clouds
16,Miraflores,MX,19.2167,-98.8083,78.03,91,82,3.36,broken clouds
17,Zomin,UZ,39.9606,68.3958,82.58,19,0,6.2,clear sky
18,Castro,BR,-24.7911,-50.0119,57.04,65,2,4.47,clear sky
19,Fonte Boa,BR,-2.4959,-66.2662,80.73,75,100,1.03,overcast clouds
20,Bambous Virieux,MU,-20.3428,57.7575,70.05,60,20,8.05,few clouds
21,Bredasdorp,ZA,-34.5322,20.0403,50.29,93,100,2.3,overcast clouds
22,Dikson,RU,73.5069,80.5464,40.68,81,100,12.93,overcast clouds
23,Punta Arenas,CL,-53.15,-70.9167,37.51,81,0,14.97,clear sky
24,Jamestown,US,42.097,-79.2353,84.29,57,1,11.5,clear sky
25,Thompson,CA,55.7435,-97.8558,64.56,39,20,13.8,few clouds
26,Qasigiannguit,GL,68.8193,-51.1922,53.85,55,100,3.62,overcast clouds
27,Carnarvon,AU,-24.8667,113.6333,51.87,73,2,5.75,clear sky
28,Georgetown,MY,5.4112,100.3354,82.89,87,20,1.01,few clouds
29,Mehamn,NO,71.0357,27.8492,44.51,85,100,14.05,overcast clouds
30,Guayaramerin,BO,-10.8368,-65.3614,86.38,39,22,2.21,few clouds
31,Pokhara,NP,28.2333,83.9833,72.93,95,100,2.08,overcast clouds
32,Ostrovnoy,RU,68.0531,39.5131,45.43,90,100,16.91,overcast clouds
33,Atar,MR,20.5169,-13.0499,100.56,18,98,13.22,overcast clouds
34,Atuona,PF,-9.8,-139.0333,77.81,71,54,23.22,broken clouds
35,Sandusky,US,41.3501,-83.1332,89.74,55,53,7.65,broken clouds
36,Albany,US,42.6001,-73.9662,83.03,78,36,1.01,scattered clouds
37,Hobart,AU,-42.8794,147.3294,44.92,70,20,1.01,few clouds
38,Coihaique,CL,-45.5752,-72.0662,43.41,56,40,4.61,scattered clouds
39,Valleyview,CA,55.0667,-117.2859,73.44,28,87,14.97,overcast clouds
40,Airai,TL,-8.9266,125.4092,54.81,57,66,3.18,broken clouds
41,Marakkanam,IN,12.2,79.95,84.42,66,100,11.3,overcast clouds
42,Kapaa,US,22.0752,-159.319,82.72,79,75,3.0,light rain
43,Saint George,US,37.1041,-113.5841,97.32,31,1,8.05,clear sky
44,Dodge City,US,37.7528,-100.0171,80.64,46,43,21.09,scattered clouds
45,Avarua,CK,-21.2078,-159.775,78.85,78,75,9.22,broken clouds
46,Burkburnett,US,34.0979,-98.5706,102.92,40,1,4.0,clear sky
47,Unai,BR,-16.3575,-46.9061,69.17,40,0,3.44,clear sky
48,Evensk,RU,61.95,159.2333,49.23,99,100,7.7,light rain
49,Tasiilaq,GL,65.6145,-37.6368,46.56,81,38,4.25,scattered clouds
50,Doka,SD,13.5167,35.7667,70.41,93,100,11.65,overcast clouds
51,Cherskiy,RU,68.75,161.3,50.4,55,12,7.7,few clouds
52,Jieshi,CN,22.8134,115.8257,85.95,83,30,9.69,scattered clouds
53,Rawson,AR,-43.3002,-65.1023,47.73,44,33,15.17,scattered clouds
54,Narsaq,GL,60.9167,-46.05,57.42,58,28,1.59,scattered clouds
55,Bocas Del Toro,PA,9.3333,-82.25,83.07,87,100,7.63,overcast clouds
56,Shashi,CN,30.3072,112.2447,75.04,92,0,4.16,light rain
57,Upington,ZA,-28.4478,21.2561,48.58,37,69,6.91,broken clouds
58,Fevik,NO,58.3794,8.6766,70.63,61,92,8.77,light rain
59,Mataura,NZ,-46.1927,168.8643,45.48,90,100,2.73,light rain
60,Knyaze-Volkonskoye,RU,48.4642,135.4567,75.54,81,67,5.79,broken clouds
61,Colesberg,ZA,-30.72,25.0972,38.95,35,31,5.46,scattered clouds
62,Leh,IN,34.1667,77.5833,71.15,45,99,7.54,overcast clouds
63,Iquique,CL,-20.2208,-70.1431,60.84,83,100,7.58,overcast clouds
64,Busselton,AU,-33.65,115.3333,58.08,65,18,21.12,few clouds
65,Port-Gentil,GA,-0.7193,8.7815,76.96,83,90,3.44,overcast clouds
66,Saskylakh,RU,71.9167,114.0833,56.3,66,92,14.63,overcast clouds
67,Vila Franca Do Campo,PT,37.7167,-25.4333,70.21,89,41,6.46,scattered clouds
68,Acapulco,MX,16.8634,-99.8901,87.62,74,40,11.5,scattered clouds
69,Upernavik,GL,72.7868,-56.1549,41.63,79,14,11.61,few clouds
70,Biltine,TD,14.5333,20.9167,76.75,81,100,11.88,overcast clouds
71,Colonial Heights,US,37.268,-77.4073,90.48,63,40,1.99,scattered clouds
72,Tiksi,RU,71.6872,128.8694,50.68,84,100,5.97,light rain
73,Voi,KE,-3.3945,38.563,65.26,80,0,11.63,clear sky
74,Cape Town,ZA,-33.9258,18.4232,60.12,56,0,4.61,clear sky
75,Boende,CD,-0.2167,20.8667,77.9,57,63,3.36,broken clouds
76,Contamana,PE,-7.3333,-75.0167,90.45,41,43,1.45,scattered clouds
77,Pedernales,DO,18.0384,-71.744,82.45,76,85,5.61,overcast clouds
78,Yining,CN,29.0361,114.5636,74.68,92,6,1.5,clear sky
79,East London,ZA,-33.0153,27.9116,58.89,32,6,7.36,clear sky
80,Codrington,AU,-38.2667,141.9667,51.37,91,87,15.03,overcast clouds
81,Arman,RU,59.7,150.1667,55.04,98,100,5.48,light rain
82,Kodiak,US,57.79,-152.4072,53.11,87,90,5.75,mist
83,Puerto Ayora,EC,-0.7393,-90.3518,80.56,85,41,8.01,scattered clouds
84,New Norfolk,AU,-42.7826,147.0587,44.58,71,51,3.0,broken clouds
85,Grenfell,AU,-33.9,148.1667,41.86,88,73,5.55,broken clouds
86,Koumac,NC,-20.5667,164.2833,72.84,73,8,10.98,clear sky
87,Muisne,EC,0.6,-80.0333,76.71,80,96,10.85,overcast clouds
88,Chapais,CA,49.7834,-74.8492,64.18,53,93,8.19,overcast clouds
89,Lorengau,PG,-2.0226,147.2712,80.19,80,93,8.21,overcast clouds
90,Potsdam,DE,52.3989,13.0657,71.11,86,65,5.23,broken clouds
91,Dwarka,IN,22.2394,68.9678,81.39,88,100,22.91,heavy intensity rain
92,Ilulissat,GL,69.2167,-51.1,53.62,37,100,10.36,overcast clouds
93,Dalvik,IS,65.9702,-18.5286,58.93,75,69,8.41,broken clouds
94,Port Hardy,CA,50.6996,-127.4199,62.78,77,75,4.61,broken clouds
95,Port Lincoln,AU,-34.7333,135.8667,54.97,84,99,17.65,overcast clouds
96,Longyearbyen,SJ,78.2186,15.6401,44.44,87,75,10.36,broken clouds
97,Shu,KZ,43.5983,73.7614,81.23,20,0,8.59,clear sky
98,Aguadas,CO,5.6116,-75.4562,63.97,97,94,1.7,overcast clouds
99,Kodino,RU,63.7198,39.6447,53.46,87,73,3.8,broken clouds
100,Cabedelo,BR,-6.9811,-34.8339,74.07,84,5,13.53,clear sky
101,Mount Gambier,AU,-37.8333,140.7667,51.71,93,75,12.66,broken clouds
102,Butaritari,KI,3.0707,172.7902,82.26,74,85,10.67,light rain
103,Donja Dubica,BA,45.075,18.4114,78.48,56,47,3.6,scattered clouds
104,Port Elizabeth,ZA,-33.918,25.5701,50.29,81,40,2.3,scattered clouds
105,Bar Harbor,US,44.3876,-68.2039,66.24,90,90,11.99,mist
106,Isangel,VU,-19.55,169.2667,75.31,94,75,0.0,broken clouds
107,Namibe,AO,-15.1961,12.1522,66.29,85,0,4.7,clear sky
108,Chokurdakh,RU,70.6333,147.9167,45.97,57,0,10.29,clear sky
109,Corleone,IT,37.8134,13.3017,78.37,23,2,5.08,clear sky
110,Mumford,GH,5.2618,-0.759,75.11,83,23,10.92,few clouds
111,Husavik,IS,66.0449,-17.3389,58.91,63,92,14.85,overcast clouds
112,Lensk,RU,60.7253,114.9278,67.42,65,11,0.34,few clouds
113,Banda Aceh,ID,5.5577,95.3222,79.48,83,97,8.34,overcast clouds
114,Cidreira,BR,-30.1811,-50.2056,64.96,74,14,10.38,few clouds
115,Goderich,CA,43.7501,-81.7165,82.04,61,0,5.75,clear sky
116,Baykit,RU,61.67,96.37,65.97,75,55,2.3,broken clouds
117,Touros,BR,-5.1989,-35.4608,77.9,78,4,11.92,clear sky
118,Cabo San Lucas,MX,22.8909,-109.9124,95.81,51,1,4.61,clear sky
119,Parola,IN,20.8833,75.1167,76.71,81,80,9.86,broken clouds
120,Ballarat,AU,-37.5662,143.8496,48.18,95,99,9.33,overcast clouds
121,Chake Chake,TZ,-5.2459,39.7666,74.73,73,4,17.02,clear sky
122,Tevaitoa,PF,-16.7833,-151.5,77.94,65,1,11.1,clear sky
123,Lyngseidet,NO,69.5763,20.2189,51.89,97,100,4.03,overcast clouds
124,Kaitangata,NZ,-46.2817,169.8464,50.94,75,100,3.06,light rain
125,Victoria,HK,22.2855,114.1577,85.32,84,13,1.01,few clouds
126,Lagunillas,VE,10.1301,-71.2595,82.9,70,100,1.95,overcast clouds
127,Broome,US,42.2506,-75.833,85.01,64,75,1.99,broken clouds
128,Cururupu,BR,-1.8283,-44.8683,75.2,84,71,3.56,broken clouds
129,Matagami,CA,49.7502,-77.6328,66.31,77,75,8.05,broken clouds
130,Quatre Cocos,MU,-20.2078,57.7625,69.91,61,48,15.82,scattered clouds
131,Muli,MV,2.9167,73.5667,82.08,73,89,11.61,overcast clouds
132,Anloga,GH,5.7947,0.8973,77.22,79,11,14.0,few clouds
133,Tuktoyaktuk,CA,69.4541,-133.0374,48.2,93,90,17.27,light rain
134,Alice Springs,AU,-23.7,133.8833,47.75,46,87,5.75,overcast clouds
135,Aykhal,RU,66.0,111.5,72.9,57,19,13.58,few clouds
136,Aklavik,CA,68.2191,-135.0107,54.32,69,100,14.88,overcast clouds
137,Sorong,ID,-0.8833,131.25,76.8,88,100,10.4,overcast clouds
138,Yellowknife,CA,62.456,-114.3525,63.32,51,40,4.0,scattered clouds
139,Tunceli,TR,39.1083,39.5471,76.06,33,6,4.81,clear sky
140,Kavieng,PG,-2.5744,150.7967,81.61,74,89,3.6,light rain
141,Bluff,NZ,-46.6,168.3333,45.81,85,100,6.11,moderate rain
142,Vaini,TO,-21.2,-175.2,77.16,83,40,2.3,scattered clouds
143,Gold Coast,AU,-28.0,153.4333,53.04,72,1,2.3,clear sky
144,Tuatapere,NZ,-46.1333,167.6833,45.82,94,100,3.11,light rain
145,Luderitz,NA,-26.6481,15.1594,66.94,21,100,4.38,overcast clouds
146,Hambantota,LK,6.1241,81.1185,77.34,100,75,4.61,broken clouds
147,Esperance,AU,-33.8667,121.9,51.64,88,2,17.72,clear sky
148,Svetlyy,RU,54.675,20.1347,68.05,80,100,9.28,overcast clouds
149,Qaanaaq,GL,77.484,-69.3632,40.71,70,80,3.96,broken clouds
150,Dingle,PH,10.9995,122.6711,77.4,89,41,10.27,scattered clouds
151,Hithadhoo,MV,-0.6,73.0833,81.0,74,88,5.19,light rain
152,Havre-Saint-Pierre,CA,50.2334,-63.5986,71.96,64,1,6.91,clear sky
153,Basco,PH,20.4487,121.9702,82.69,88,93,30.36,overcast clouds
154,Nouadhibou,MR,20.931,-17.0347,71.58,88,5,19.57,clear sky
155,Azare,NG,11.6765,10.1948,76.78,80,92,9.46,light rain
156,Vernon,CA,50.2581,-119.2691,99.12,21,2,2.3,clear sky
157,Rosario Do Sul,BR,-30.2583,-54.9142,69.6,70,6,6.96,clear sky
158,Noumea,NC,-22.2763,166.4572,71.01,99,67,7.81,broken clouds
159,Raymondville,US,26.4815,-97.7831,96.6,40,0,14.54,clear sky
160,Kuching,MY,1.55,110.3333,77.22,94,20,2.3,few clouds
161,Clyde River,CA,70.4692,-68.5914,35.83,100,90,6.91,light rain
162,Hualmay,PE,-11.0964,-77.6139,65.61,77,15,9.19,few clouds
163,Ancud,CL,-41.8697,-73.8203,45.93,70,21,8.1,few clouds
164,Huarmey,PE,-10.0681,-78.1522,67.71,75,8,8.99,clear sky
165,Ormond Beach,US,29.2858,-81.0559,88.16,73,40,11.5,scattered clouds
166,Ahipara,NZ,-35.1667,173.1667,59.41,89,14,12.86,few clouds
167,Sorland,NO,67.667,12.6934,54.28,85,94,6.35,overcast clouds
168,Rio Grande,BR,-32.035,-52.0986,65.95,87,11,8.52,few clouds
169,Srednekolymsk,RU,67.45,153.6833,47.55,58,100,17.05,overcast clouds
170,Fassuta,IL,33.0483,35.3098,71.73,86,0,4.41,clear sky
171,Praia Da Vitoria,PT,38.7333,-27.0667,71.76,94,75,10.96,broken clouds
172,Saint-Philippe,RE,-21.3585,55.7679,67.55,75,52,10.58,broken clouds
173,Aswan,EG,24.0934,32.907,90.7,17,0,6.91,clear sky
174,Talcahuano,CL,-36.7167,-73.1167,51.48,93,75,4.61,broken clouds
175,Kabalo,CD,-6.05,26.9167,74.68,36,25,5.06,scattered clouds
176,Aripuana,BR,-9.1667,-60.6333,84.67,39,18,1.41,few clouds
177,Mutare,ZW,-18.9707,32.6709,45.57,74,12,0.49,few clouds
178,Shimoda,JP,34.6667,138.95,74.1,81,25,9.4,scattered clouds
179,San Cristobal,VE,7.7669,-72.225,77.18,70,100,3.87,overcast clouds
180,Port Blair,IN,11.6667,92.75,81.93,86,100,17.49,light rain
181,Niquelandia,BR,-14.4739,-48.4597,73.02,32,0,4.9,clear sky
182,Nueva Loja,EC,0.0847,-76.8828,80.62,74,75,3.44,broken clouds
183,Arraial Do Cabo,BR,-22.9661,-42.0278,71.56,68,0,11.5,clear sky
184,Apricena,IT,41.7839,15.4437,84.87,33,99,8.03,overcast clouds
185,Kaohsiung,TW,22.6163,120.3133,84.15,90,75,8.01,broken clouds
186,Salalah,OM,17.0151,54.0924,78.89,89,75,8.05,broken clouds
187,Ardmore,US,34.1743,-97.1436,99.46,51,1,5.99,clear sky
188,Bundu,IN,23.1833,85.5833,80.82,86,96,7.25,overcast clouds
189,Bethel,US,41.3712,-73.414,82.94,80,40,1.01,scattered clouds
190,Bathsheba,BB,13.2167,-59.5167,79.41,89,75,9.22,light intensity shower rain
191,Shimanovsk,RU,52.0,127.7,67.41,75,45,1.81,scattered clouds
192,Vilhena,BR,-12.7406,-60.1458,88.02,37,0,6.91,clear sky
193,Kashi,CN,39.4547,75.9797,88.23,26,0,13.42,clear sky
194,Buraydah,SA,26.326,43.975,97.25,14,1,9.37,clear sky
195,Vao,NC,-22.6667,167.4833,71.17,70,48,14.5,scattered clouds
196,Laguna,US,38.421,-121.4238,106.43,25,1,3.0,clear sky
197,Raudeberg,NO,61.9875,5.1352,65.07,86,14,10.89,few clouds
198,Japura,ID,-0.3167,102.35,74.03,90,12,2.73,few clouds
199,Kangaatsiaq,GL,68.3065,-53.4641,40.59,91,100,3.56,overcast clouds
200,Bilibino,RU,68.0546,166.4372,53.89,59,42,3.53,scattered clouds
201,Wunsiedel,DE,50.0333,12.0167,64.42,81,75,3.27,broken clouds
202,Ryotsu,JP,38.0833,138.4333,80.56,75,1,1.9,clear sky
203,Maceio,BR,-9.6658,-35.7353,74.64,88,75,4.61,broken clouds
204,Gat,IL,31.61,34.7642,81.81,80,1,5.41,clear sky
205,Pascagoula,US,30.3658,-88.5561,91.42,80,37,6.53,scattered clouds
206,Tiarei,PF,-17.5333,-149.3333,82.42,67,1,7.92,clear sky
207,Methoni,GR,36.8197,21.7049,80.22,65,0,5.99,clear sky
208,Lompoc,US,34.6391,-120.4579,86.14,72,90,16.11,overcast clouds
209,San Isidro,PE,-12.1167,-77.05,65.79,84,90,1.99,overcast clouds
210,Alushta,UA,44.6667,34.4167,77.54,55,86,10.71,overcast clouds
211,Murree,PK,33.9073,73.393,68.25,67,8,2.62,clear sky
212,Adrar,MR,20.5022,-10.0711,96.4,7,11,5.79,few clouds
213,Deputatskiy,RU,69.3,139.9,50.04,64,4,4.43,clear sky
214,Half Moon Bay,US,37.4636,-122.4286,94.75,62,20,1.99,few clouds
215,Honningsvag,NO,70.9821,25.9704,45.63,75,100,12.57,overcast clouds
216,Lebu,CL,-37.6167,-73.65,49.73,89,59,16.37,broken clouds
217,Diamantino,BR,-14.4086,-56.4461,81.81,33,14,5.79,few clouds
218,Verkhoyansk,RU,67.5447,133.385,64.89,52,73,1.14,broken clouds
219,Auki,SB,-8.7676,160.7034,80.38,79,74,4.16,broken clouds
220,Taoudenni,ML,22.6783,-3.9836,103.03,5,73,10.51,broken clouds
221,Xiamen,CN,24.4798,118.0819,86.05,70,0,4.47,clear sky
222,Blagoyevo,RU,63.3667,47.9167,48.45,97,62,3.09,broken clouds
223,Kjollefjord,NO,70.9457,27.3465,44.38,82,100,13.67,overcast clouds
224,Gwadar,PK,25.1216,62.3254,82.45,85,95,5.66,overcast clouds
225,Sudak,UA,44.85,34.9667,73.81,66,34,9.89,scattered clouds
226,Pauini,BR,-7.7136,-66.9764,88.05,43,24,1.16,few clouds
227,Severo-Kurilsk,RU,50.6789,156.125,56.77,92,82,3.49,broken clouds
228,Shelburne,CA,44.0787,-80.2041,83.26,38,0,11.21,clear sky
229,Babu,CN,24.4167,111.5167,76.48,91,3,1.41,clear sky
230,Wuwei,CN,37.9281,102.6414,72.97,33,99,6.67,overcast clouds
231,Taltal,CL,-25.4,-70.4833,58.6,78,24,2.26,few clouds
232,Kencong,ID,-8.2833,113.3667,66.61,89,18,3.62,few clouds
233,Joniskis,LT,56.2403,23.6153,65.32,65,78,5.73,broken clouds
234,Sept-Iles,CA,50.2001,-66.3821,66.25,85,75,8.01,broken clouds
235,Ambilobe,MG,-13.2,49.05,62.64,86,72,3.56,broken clouds
236,Kozhva,RU,65.1073,57.0459,47.07,96,99,5.44,overcast clouds
237,Valle De Allende,MX,26.9333,-105.4,89.35,19,49,13.33,scattered clouds
238,Chino,US,34.0122,-117.6889,102.36,49,75,7.0,broken clouds
239,Minab,IR,27.1467,57.0801,90.9,53,47,2.01,scattered clouds
240,Kieta,PG,-6.2167,155.6333,80.13,83,57,2.44,moderate rain
241,Myitkyina,MM,25.3833,97.4,74.1,99,100,0.87,overcast clouds
242,Vostok,RU,46.4856,135.8833,74.46,74,95,0.45,overcast clouds
243,La Ronge,CA,55.1001,-105.2842,70.02,52,75,8.05,broken clouds
244,Lawrenceburg,US,38.0373,-84.8966,91.29,66,20,1.01,few clouds
245,Jumla,NP,29.2747,82.1838,64.96,99,100,3.76,overcast clouds
246,Provideniya,RU,64.3833,-173.3,48.31,93,90,6.71,mist
247,Isla Mujeres,MX,21.2311,-86.731,84.25,72,94,8.88,overcast clouds
248,Talnakh,RU,69.4865,88.3972,56.35,94,100,4.07,overcast clouds
249,Nikolskoye,RU,59.7035,30.7861,66.09,74,34,3.02,scattered clouds
250,Shingu,JP,33.7333,135.9833,75.9,70,0,3.02,clear sky
251,Ankpa,NG,7.3706,7.6253,69.55,95,70,4.79,broken clouds
252,Portland,US,45.5234,-122.6762,91.63,42,1,4.0,clear sky
253,Karratha,AU,-20.7377,116.8463,67.93,50,76,5.1,broken clouds
254,Northam,GB,51.0333,-4.2167,64.29,93,31,4.29,scattered clouds
255,Villa Carlos Paz,AR,-31.4241,-64.4978,57.4,58,0,7.0,clear sky
256,Ponta Do Sol,PT,32.6667,-17.1,77.0,84,0,4.18,clear sky
257,Port Moresby,PG,-9.4431,147.1797,71.02,100,75,3.44,broken clouds
258,Torbay,CA,47.6666,-52.7314,60.28,88,75,11.5,broken clouds
259,Conil,FR,44.9673,3.7177,50.27,95,65,2.66,broken clouds
260,Todos Santos,MX,23.45,-110.2167,95.31,76,6,7.54,clear sky
261,Klaksvik,FO,62.2266,-6.589,50.92,95,100,6.46,overcast clouds
262,Parabel,RU,58.6978,81.4825,60.46,83,12,2.04,few clouds
263,Jacareacanga,BR,-6.2222,-57.7528,84.63,40,37,1.45,scattered clouds
264,Sao Jose Da Coroa Grande,BR,-8.8978,-35.1478,74.08,87,24,12.28,few clouds
265,Lavrentiya,RU,65.5833,-171.0,44.49,98,100,2.95,light rain
266,Cayenne,GF,4.9333,-52.3333,78.84,90,75,2.3,broken clouds
267,Te Anau,NZ,-45.4167,167.7167,45.52,94,100,0.74,moderate rain
268,Rongcheng,CN,30.634,117.8517,75.85,97,100,10.65,overcast clouds
269,Luanda,AO,-8.8368,13.2343,71.6,88,20,5.75,few clouds
270,Khatanga,RU,71.9667,102.5,52.32,76,33,5.19,scattered clouds
271,Polis,CY,35.0367,32.4264,78.62,90,0,3.49,clear sky
272,Flinders,AU,-34.5833,150.8552,56.48,69,0,3.0,clear sky
273,Chumikan,RU,54.7183,135.315,67.35,80,6,12.37,clear sky
274,Cap Malheureux,MU,-19.9842,57.6142,70.29,64,14,3.0,few clouds
275,Homa Bay,KE,-0.5273,34.4571,69.48,71,26,3.33,scattered clouds
276,Marfino,RU,55.7028,37.3822,62.85,70,0,4.47,clear sky
277,Sakata,JP,38.9167,139.855,77.05,77,25,8.72,scattered clouds
278,Prince Rupert,CA,54.3161,-130.3201,62.29,79,90,3.44,light rain
279,Hurricane,US,37.1753,-113.2899,95.59,44,57,7.92,broken clouds
280,Guatire,VE,10.4762,-66.5427,81.1,86,100,2.39,overcast clouds
281,Fortuna,US,40.5982,-124.1573,63.99,78,1,14.97,clear sky
282,Salinas,US,36.6777,-121.6555,91.56,59,1,14.97,clear sky
283,Faanui,PF,-16.4833,-151.75,78.08,65,0,10.78,clear sky
284,Pevek,RU,69.7008,170.3133,35.1,90,100,8.21,overcast clouds
285,Hobyo,SO,5.3505,48.5268,76.28,75,21,24.16,few clouds
286,Sarankhola,BD,22.3082,89.7897,80.47,90,100,4.21,overcast clouds
287,Elk City,US,35.412,-99.4043,98.58,41,1,6.91,clear sky
288,Zemio,CF,5.0314,25.1361,69.01,98,100,2.08,light rain
289,Geraldton,AU,-28.7667,114.6,46.81,93,0,13.8,clear sky
290,Humaita,BR,-7.5061,-63.0208,86.72,39,44,1.54,scattered clouds
291,Sao Francisco,BR,-15.9486,-44.8644,69.93,31,0,4.38,clear sky
292,Vila,PT,42.0304,-8.1588,59.74,93,11,3.18,few clouds
293,Vikhorevka,RU,56.1201,101.1636,67.59,73,88,2.8,overcast clouds
294,Vestmannaeyjar,IS,63.4427,-20.2734,51.12,81,93,20.2,overcast clouds
295,Calvia,ES,39.5657,2.5062,77.47,47,2,4.16,clear sky
296,Vagay,RU,57.9375,69.0217,49.08,71,23,8.61,few clouds
297,Sao Filipe,CV,14.8961,-24.4956,74.26,74,47,10.45,scattered clouds
298,Grindavik,IS,63.8424,-22.4338,50.47,81,75,25.32,broken clouds
299,Rio Branco,BR,-9.9747,-67.81,86.61,66,40,2.3,scattered clouds
300,Bud,US,39.447,-86.1758,88.93,73,35,4.65,scattered clouds
301,Fujin,CN,47.26,132.0322,73.98,76,100,6.87,overcast clouds
302,Beloha,MG,-25.1667,45.05,62.31,64,64,10.96,broken clouds
303,Kijang,KR,35.2442,129.2139,80.33,87,100,6.67,overcast clouds
304,Faya,SA,18.3851,42.4509,66.31,77,100,4.68,overcast clouds
305,Babushkin,RU,51.7122,105.8647,55.44,82,60,2.59,broken clouds
306,Honiara,SB,-9.4333,159.95,80.85,80,70,6.82,broken clouds
307,Ouadda,CF,8.0777,22.4007,68.68,97,100,2.82,light rain
308,Jiaozuo,CN,35.2397,113.2331,77.11,80,95,2.55,overcast clouds
309,Nemuro,JP,43.3236,145.575,63.1,89,0,6.35,clear sky
310,Camacha,PT,33.0833,-16.3333,73.53,88,75,10.36,broken clouds
311,Meulaboh,ID,4.1363,96.1285,76.33,88,95,4.92,overcast clouds
312,Sioux Lookout,CA,50.1001,-91.917,80.67,39,75,16.11,broken clouds
313,Ankang,CN,32.68,109.0172,75.65,91,0,1.77,light rain
314,Teya,RU,60.3778,92.6267,63.57,72,39,2.75,scattered clouds
315,La Paz,BO,-16.5,-68.15,58.98,21,40,6.91,scattered clouds
316,Norman Wells,CA,65.282,-126.8329,73.44,38,40,5.75,scattered clouds
317,Port Hedland,AU,-20.3167,118.5667,57.25,82,98,6.91,overcast clouds
318,Crevalcore,IT,44.7206,11.1498,81.82,73,81,4.27,broken clouds
319,Nizhniy Tsasuchey,RU,50.5167,115.1333,59.16,79,96,10.98,overcast clouds
320,Maniitsoq,GL,65.4167,-52.9,45.91,73,100,9.98,overcast clouds
321,Necochea,AR,-38.5473,-58.7368,47.03,85,100,16.58,overcast clouds
322,Komsomolskiy,UZ,40.4272,71.7189,80.02,36,0,6.91,clear sky
323,Batemans Bay,AU,-35.7167,150.1833,56.1,58,11,8.63,few clouds
324,Nuuk,GL,64.1835,-51.7216,52.88,62,20,4.61,few clouds
325,Achi,CO,8.5682,-74.554,75.49,96,100,1.25,overcast clouds
326,Imbituba,BR,-28.24,-48.6703,67.89,76,92,8.95,overcast clouds
327,Lata,PT,40.1629,-8.3327,70.03,98,66,3.18,broken clouds
328,Karpathos,GR,35.507,27.2132,76.21,84,1,13.09,clear sky
329,Bhatkal,IN,13.9667,74.5667,78.31,88,90,11.81,overcast clouds
330,Payo,ID,-3.7508,103.6372,67.48,84,2,2.82,clear sky
331,Chalons-En-Champagne,FR,48.9539,4.3672,64.98,93,28,7.72,scattered clouds
332,Saint-Joseph,RE,-21.3667,55.6167,66.56,74,38,11.45,scattered clouds
333,Christchurch,NZ,-43.5333,172.6333,54.0,81,75,4.0,broken clouds
334,Bharatpur,IN,27.2167,77.4833,88.23,65,98,4.03,heavy intensity rain
335,Babayurt,RU,43.6002,46.7789,71.62,61,2,6.02,clear sky
336,Oranjestad,AW,12.524,-70.027,85.95,70,20,10.36,few clouds
337,Tungi,BD,23.89,90.4058,84.2,70,75,5.75,haze
338,Porto Novo,BJ,6.4965,2.6036,75.25,79,22,6.82,few clouds
339,Denison,US,33.7557,-96.5367,100.22,44,1,4.0,clear sky
340,Trincomalee,LK,8.5711,81.2335,81.43,77,100,23.22,overcast clouds
341,Vanimo,PG,-2.6741,141.3028,76.39,79,99,6.26,overcast clouds
342,Kytmanovo,RU,53.4593,85.4479,64.2,87,29,6.62,scattered clouds
343,Xiuyan,CN,40.2928,123.2744,71.71,90,91,1.03,overcast clouds
344,Morris,US,40.8334,-74.5329,85.23,74,75,10.36,broken clouds
345,Mount Isa,AU,-20.7333,139.5,51.57,43,9,10.36,clear sky
346,Caravelas,BR,-17.7125,-39.2481,69.78,76,18,7.0,few clouds
347,Hami,CN,42.8,93.45,83.19,21,5,8.77,clear sky
348,Constitucion,CL,-35.3333,-72.4167,51.12,91,20,7.49,few clouds
349,Saint-Paul,RE,-21.0096,55.2707,68.09,79,88,3.38,light rain
350,Alta Floresta,BR,-9.8756,-56.0861,82.38,35,18,2.46,few clouds
351,Nadym,RU,65.5333,72.5167,46.22,81,100,9.08,overcast clouds
352,Juneau,US,58.3019,-134.4197,60.84,88,75,4.61,light rain
353,Vokhtoga,RU,58.8147,41.0461,58.75,59,99,5.17,overcast clouds
354,Nanortalik,GL,60.1432,-45.2371,44.46,76,62,12.73,broken clouds
355,Borogontsy,RU,62.6683,131.1683,65.41,53,2,5.26,clear sky
356,Florianopolis,BR,-27.6146,-48.5012,65.43,73,0,6.91,clear sky
357,Okhotsk,RU,59.3833,143.3,56.77,96,100,3.53,light rain
358,Devrek,TR,41.2192,31.9558,65.35,94,1,3.69,clear sky
359,Fare,PF,-16.7,-151.0167,77.83,65,1,9.86,clear sky
360,Puerto Madryn,AR,-42.7692,-65.0385,48.33,42,91,17.6,overcast clouds
361,Mahebourg,MU,-20.4081,57.7,70.09,60,20,8.05,few clouds
362,Bengkulu,ID,-3.8004,102.2655,73.83,84,2,5.19,clear sky
363,Kuusamo,FI,65.9667,29.1833,57.24,88,0,4.61,clear sky
364,Porto Empedocle,IT,37.2934,13.5264,81.9,47,0,6.06,clear sky
365,Tanda,IN,26.55,82.65,85.17,74,100,5.55,overcast clouds
366,Ambon,ID,-3.6954,128.1814,75.34,88,40,2.3,scattered clouds
367,Kloulklubed,PW,7.0419,134.2556,83.61,74,100,17.45,moderate rain
368,Muncar,ID,-8.4333,114.3333,69.8,88,37,1.74,scattered clouds
369,Balikpapan,ID,-1.2675,116.8289,77.99,94,20,8.05,few clouds
370,Kontagora,NG,10.3999,5.4695,72.84,89,91,3.67,light rain
371,Sistranda,NO,63.7256,8.834,55.9,92,55,9.1,broken clouds
372,Sarangani,PH,5.4033,125.4636,83.68,74,93,12.95,overcast clouds
373,Chuy,UY,-33.6971,-53.4616,62.26,91,1,4.63,clear sky
374,Santa Fe,AR,-31.6333,-60.7,60.03,70,8,1.01,clear sky
375,Chateaubelair,VC,13.2833,-61.25,84.81,84,40,2.3,scattered clouds
376,Nauta,PE,-4.5061,-73.5757,79.21,85,67,2.08,broken clouds
377,Kedrovyy,RU,56.1667,91.8167,57.61,91,29,2.64,scattered clouds
378,Yarada,IN,17.65,83.2667,82.72,94,40,6.91,mist
379,Khandbari,NP,27.3747,87.2039,73.11,92,100,0.49,moderate rain
380,Ladnun,IN,27.65,74.3833,83.71,75,83,16.15,broken clouds
381,Roald,NO,62.5833,6.1333,67.15,88,0,16.11,clear sky
382,Merauke,ID,-8.4667,140.3333,77.29,77,100,9.98,overcast clouds
383,Guerrero Negro,MX,27.9769,-114.0611,78.12,57,50,14.76,scattered clouds
384,Kisaran,ID,2.9845,99.6158,74.39,98,81,2.21,broken clouds
385,Valdivia,CL,-39.8142,-73.2459,51.89,94,34,3.02,scattered clouds
386,Catalina,US,32.5056,-110.9211,74.08,88,100,0.96,light rain
387,Keetmanshoop,NA,-26.5833,18.1333,54.52,32,97,10.36,overcast clouds
388,Haines Junction,CA,60.7522,-137.5108,60.75,55,99,4.61,overcast clouds
389,Yulara,AU,-25.2406,130.9889,42.64,61,4,4.61,clear sky
390,Broken Hill,AU,-31.95,141.4333,47.91,66,1,5.75,clear sky
391,Lindas,NO,60.7381,5.16,71.73,74,99,4.59,overcast clouds
392,Saint-Augustin,CA,51.226,-58.6502,68.43,59,30,19.3,scattered clouds
393,Breznik,BG,42.7414,22.8981,65.39,55,1,1.61,clear sky
394,Solnechnyy,RU,50.7214,136.6319,73.24,76,100,2.86,overcast clouds
395,Lasa,IT,46.6166,10.7002,63.86,88,57,2.66,broken clouds
396,Wana,PK,32.2989,69.5725,84.24,47,1,3.96,clear sky
397,Shirokiy,RU,49.758,129.523,68.05,99,100,7.31,overcast clouds
398,Saldanha,ZA,-33.0117,17.9442,51.85,45,100,13.42,overcast clouds
399,Mantua,IT,45.1667,10.7833,80.92,76,73,8.01,broken clouds
400,Feijo,BR,-8.1642,-70.3536,82.72,65,99,0.87,overcast clouds
401,Envira,BR,-7.3,-70.2167,82.36,65,100,2.1,overcast clouds
402,Channel-Port Aux Basques,CA,47.5702,-59.1367,58.71,81,14,7.99,few clouds
403,Mayumba,GA,-3.432,10.6554,70.74,91,83,3.8,broken clouds
404,Tigre,AR,-34.426,-58.5796,57.2,90,90,11.5,overcast clouds
405,Stenlille,DK,55.5402,11.5915,69.62,80,100,12.84,overcast clouds
406,Pisco,PE,-13.7,-76.2167,64.45,77,20,9.22,few clouds
407,Nome,US,64.5011,-165.4064,50.16,87,90,9.22,moderate rain
408,Hay River,CA,60.8156,-115.7999,62.56,59,40,8.05,scattered clouds
409,Porto Nacional,BR,-10.7081,-48.4172,87.8,34,5,3.06,clear sky
410,Moree,AU,-29.4667,149.85,35.62,93,44,4.61,scattered clouds
411,Verkhnevilyuysk,RU,63.4453,120.3167,68.18,68,7,5.64,clear sky
412,Owando,CG,-0.4819,15.8999,75.56,69,92,2.51,overcast clouds
413,Tecoanapa,MX,16.5167,-98.75,87.04,68,82,11.7,broken clouds
414,Sinop,TR,41.7711,34.8709,61.86,87,0,4.43,clear sky
415,San Patricio,US,28.017,-97.5169,95.72,46,0,13.44,clear sky
416,Kiunga,PG,-6.1219,141.2906,71.33,99,100,2.17,overcast clouds
417,Padang,ID,-0.9492,100.3543,77.58,85,28,3.83,scattered clouds
418,Caucaia,BR,-3.7361,-38.6531,80.55,76,20,9.22,few clouds
419,Sao Joao Da Barra,BR,-21.6403,-41.0511,71.69,72,0,14.61,clear sky
420,Perivolion,GR,39.4206,20.0147,76.55,69,0,4.21,clear sky
421,Longonjo,AO,-12.9067,15.2533,60.73,36,0,3.47,clear sky
422,Kyra,RU,49.5776,111.9753,51.62,89,18,4.74,few clouds
423,Balkanabat,TM,39.5108,54.3671,83.46,71,0,4.59,clear sky
424,Payson,US,40.0444,-111.7321,98.4,18,1,4.0,clear sky
425,Sakakah,SA,29.9697,40.2064,98.17,21,3,2.75,clear sky
426,Yangcun,CN,39.3639,117.0603,80.28,82,84,4.14,broken clouds
427,Mbengwi,CM,6.0167,10.0,61.03,98,100,3.83,overcast clouds
428,Talara,PE,-4.5772,-81.2719,68.43,81,48,13.62,scattered clouds
429,Ambanja,MG,-13.6833,48.45,65.01,71,23,4.72,few clouds
430,Grand Gaube,MU,-20.0064,57.6608,70.2,64,16,3.0,few clouds
431,Bell Ville,AR,-32.6259,-62.6887,53.8,60,0,7.7,clear sky
432,Iranshahr,IR,27.2025,60.6848,97.14,30,0,13.8,clear sky
433,Niquero,CU,20.0431,-77.5828,84.47,70,37,9.55,scattered clouds
434,Henties Bay,NA,-22.116,14.2845,68.13,38,62,2.66,broken clouds
435,Ilfracombe,GB,51.2093,-4.1134,64.6,93,53,4.0,broken clouds
436,Ampanihy,MG,-24.7,44.75,61.39,69,73,13.76,broken clouds
437,Urumqi,CN,43.801,87.6005,79.75,26,0,8.95,clear sky
438,Hailey,US,43.5196,-114.3153,91.9,26,1,12.66,clear sky
439,Saint-Pierre,RE,-21.3393,55.4781,67.64,72,0,6.91,clear sky
440,Maragogi,BR,-9.0122,-35.2225,73.85,88,29,11.99,scattered clouds
441,Sawtell,AU,-30.3833,153.1,37.72,93,0,1.14,clear sky
442,Magadan,RU,59.5667,150.8,54.46,97,100,3.18,light rain
443,Martapura,ID,-3.4167,114.85,71.69,94,3,3.44,clear sky
444,Kimbe,PG,-5.5502,150.1429,78.49,87,74,2.62,light rain
445,Pau Brasil,BR,-15.4642,-39.6511,66.97,81,33,4.34,scattered clouds
446,Indramayu,ID,-6.3264,108.32,75.4,79,1,7.45,clear sky
447,Jacqueville,CI,5.2052,-4.4146,76.91,83,55,8.7,broken clouds
448,Kharp,RU,66.8014,65.8081,44.2,93,85,3.94,overcast clouds
449,Catemaco,MX,18.4167,-95.1167,85.75,72,93,3.09,overcast clouds
450,Iskateley,RU,67.6803,53.1512,38.88,93,36,13.24,scattered clouds
451,Coquimbo,CL,-29.9533,-71.3436,58.73,72,0,9.22,clear sky
452,Manjacaze,MZ,-24.7117,33.8828,57.02,78,17,4.09,few clouds
453,Fort Saint James,CA,54.4333,-124.25,70.16,38,59,7.87,broken clouds
454,Tazovskiy,RU,67.4667,78.7,50.14,87,98,7.83,overcast clouds
455,Yerbogachen,RU,61.2767,108.0108,64.9,66,75,1.39,broken clouds
456,Tarnobrzeg,PL,50.573,21.6794,69.85,76,68,9.28,broken clouds
457,Fukue,JP,32.6881,128.8419,79.63,80,100,16.75,overcast clouds
458,Amot,NO,59.5714,7.9877,58.5,76,100,2.1,overcast clouds
459,Kyzyl-Suu,KG,42.3414,78.0056,66.76,25,0,6.73,clear sky
460,Greenwood,US,34.1668,-82.1165,90.5,67,20,5.75,few clouds
461,Lubao,PH,14.9167,120.55,82.47,87,100,11.56,light rain
462,Igarka,RU,67.4667,86.5833,53.58,95,66,4.21,broken clouds
463,Tautira,PF,-17.7333,-149.15,82.42,68,0,9.62,clear sky
464,Tashtagol,RU,52.7657,87.8894,58.77,96,95,2.95,overcast clouds
465,Tura,IN,25.5198,90.2201,75.09,95,100,4.79,overcast clouds
466,Kaeo,NZ,-35.1,173.7833,60.33,96,33,9.73,scattered clouds
467,Kalengwa,ZM,-13.4659,25.0027,48.87,55,0,5.59,clear sky
468,Hulan,CN,45.9833,126.6,75.31,93,100,8.9,overcast clouds
469,Alihe,CN,50.5667,123.7167,60.94,87,97,2.64,overcast clouds
470,Ribeira Grande,PT,38.5167,-28.7,70.45,82,25,14.34,scattered clouds
471,Mudgee,AU,-32.5943,149.5871,46.62,76,90,5.75,overcast clouds
472,Emerald,AU,-23.5333,148.1667,50.99,47,28,8.05,scattered clouds
473,Nasirabad,IN,26.3,74.7333,78.71,85,99,13.98,overcast clouds
474,Alofi,NU,-19.0595,-169.9187,80.49,78,8,4.61,clear sky
475,Hasaki,JP,35.7333,140.8333,77.29,75,18,17.52,few clouds
476,Moron,AR,-34.6534,-58.6198,56.95,96,98,5.01,overcast clouds
477,Katsuura,JP,35.1333,140.3,82.11,78,40,14.72,scattered clouds
478,Vardo,NO,70.3705,31.1107,46.6,79,99,20.07,overcast clouds
479,Bahia Blanca,AR,-38.7196,-62.2724,50.7,41,0,6.53,clear sky
480,Itarema,BR,-2.9248,-39.9167,78.4,76,19,14.76,few clouds
481,Palmer,US,42.1584,-72.3287,79.32,77,90,1.01,overcast clouds
482,Kyabe,TD,9.4515,18.9449,72.07,95,100,3.98,light rain
483,Binga,ZW,-17.6203,27.3414,56.8,50,3,5.57,clear sky
484,Benbrook,US,32.6732,-97.4606,102.88,38,20,1.01,few clouds
485,Boa Vista,BR,2.8197,-60.6733,82.38,78,90,12.66,thunderstorm with light rain
486,Gizo,SB,-8.103,156.8419,81.63,77,19,7.14,few clouds
487,Galesong,ID,-5.3166,119.3661,66.22,65,40,5.53,scattered clouds
488,Baglung,NP,28.2719,83.5898,71.67,97,100,1.54,overcast clouds
489,Upata,VE,8.0086,-62.3989,72.19,97,100,3.98,overcast clouds
490,Mosquera,CO,4.7059,-74.2302,59.09,82,85,6.91,overcast clouds
491,Beringovskiy,RU,63.05,179.3167,51.26,91,100,4.41,overcast clouds
492,Nantucket,US,41.2835,-70.0995,73.51,88,90,13.8,overcast clouds
493,Prado,BR,-17.3411,-39.2208,70.07,79,10,8.86,clear sky
494,Manta,EC,-0.95,-80.7333,76.78,73,75,12.66,broken clouds
495,Mugla,TR,37.2303,28.3557,68.67,61,16,5.23,few clouds
496,Great Falls,US,47.5002,-111.3008,92.66,12,1,5.01,clear sky
497,Thinadhoo,MV,0.5333,72.9333,81.1,72,78,1.45,broken clouds
498,Zhigansk,RU,66.7697,123.3711,62.74,63,29,9.22,scattered clouds
499,Khaniotis,GR,39.9991,23.58,81.5,59,0,3.15,clear sky
500,Rundu,NA,-17.9333,19.7667,52.5,53,0,6.85,clear sky
501,Smithers,CA,54.7804,-127.1743,61.12,63,40,2.3,light rain
502,Lincoln,US,40.8,-96.667,90.66,48,1,1.99,clear sky
503,Tagusao,PH,9.1924,117.8141,81.37,84,63,11.14,broken clouds
504,Sitka,US,57.0531,-135.33,57.09,82,75,4.61,light rain
505,Shangrao,CN,28.4532,117.9686,75.72,95,100,9.98,overcast clouds
506,Parana,AR,-31.732,-60.5238,59.58,72,24,5.75,few clouds
507,Serov,RU,59.6033,60.5787,52.03,65,100,5.46,overcast clouds
508,Ucluelet,CA,48.9329,-125.5528,85.05,85,8,11.16,clear sky
509,Kirundo,BI,-2.5833,30.1667,70.57,41,100,5.21,overcast clouds
510,Agadez,NE,19.75,10.25,90.64,15,90,9.69,overcast clouds
511,Ha Tinh,VN,18.3333,105.9,77.88,87,100,8.63,overcast clouds
512,Soyalo,MX,16.9,-92.9167,76.1,90,77,3.78,broken clouds
513,Richards Bay,ZA,-28.783,32.0377,56.41,85,0,6.42,clear sky
514,Los Llanos De Aridane,ES,28.6585,-17.9182,69.55,90,0,17.27,clear sky
515,Maltahohe,NA,-24.8333,16.9833,50.2,37,71,9.48,broken clouds
516,Xiongzhou,CN,25.1167,114.3,77.47,87,86,0.38,overcast clouds
517,Cooma,AU,-36.2333,149.1333,40.77,70,21,6.91,few clouds
518,Chalus,IR,36.655,51.4204,80.06,89,75,0.0,broken clouds
519,Merke,KZ,42.8728,73.1786,78.85,25,0,6.51,clear sky
520,Woodward,US,36.4337,-99.3904,96.03,40,75,11.5,broken clouds
521,Chiredzi,ZW,-21.05,31.6667,52.41,57,16,4.32,few clouds
522,Berlevag,NO,70.8578,29.0864,44.55,87,75,21.85,broken clouds
523,Kudat,MY,6.8837,116.8477,82.33,89,20,4.61,few clouds
524,Barra Patuca,HN,15.8,-84.2833,83.25,68,47,6.71,scattered clouds
525,Port Macquarie,AU,-31.4333,152.9167,51.89,61,0,6.73,clear sky
526,Thanh Hoa,VN,19.8,105.7667,77.4,95,98,3.96,overcast clouds
527,Atambua,ID,-9.1061,124.8925,65.86,75,50,4.45,scattered clouds
528,Bilma,NE,18.6853,12.9164,78.6,68,97,10.71,overcast clouds
529,Curuca,BR,-0.7289,-47.8481,75.97,88,78,5.3,broken clouds
530,Ceres,US,37.5949,-120.9577,107.51,19,1,12.66,clear sky
531,Brae,GB,60.3964,-1.353,57.11,89,3,4.56,clear sky
532,Asau,RO,46.4333,26.4,65.32,83,47,4.09,scattered clouds
533,Canaries,ES,28.0,-15.5,66.16,60,20,25.32,few clouds
534,Kavaratti,IN,10.5669,72.642,80.78,78,100,20.42,overcast clouds
535,Panguipulli,CL,-39.6333,-72.3333,49.71,97,90,2.89,overcast clouds
536,Gawler,AU,-34.6,138.7333,53.11,88,21,10.98,few clouds
537,Zhanaozen,KZ,43.3,52.8,83.21,29,2,17.36,clear sky
538,Mazatlan,MX,23.2167,-106.4167,89.56,78,20,7.0,few clouds
539,Teahupoo,PF,-17.8333,-149.2667,76.96,67,0,10.27,clear sky
540,Palu,ID,-0.8917,119.8707,73.13,93,36,3.27,scattered clouds
541,Champerico,GT,14.3,-91.9167,86.34,71,24,6.33,few clouds
542,Kysyl-Syr,RU,63.8986,122.7617,68.58,61,66,6.53,broken clouds
543,Dawei,MM,14.0833,98.2,75.96,94,100,4.38,heavy intensity rain
544,Golfito,CR,8.639,-83.166,76.03,92,100,2.89,overcast clouds
545,La Plata,AR,-34.9215,-57.9545,57.02,93,94,8.66,overcast clouds
546,Wilmington,US,34.2257,-77.9447,85.95,74,40,9.22,scattered clouds
547,Bezhanitsy,RU,56.9767,29.8907,59.67,70,6,3.91,clear sky
548,Mahendragarh,IN,28.2833,76.15,88.61,63,99,7.7,heavy intensity rain
549,Sibu,MY,2.3,111.8167,77.31,88,20,1.99,few clouds
550,Waipawa,NZ,-41.4122,175.5153,54.03,89,100,15.35,moderate rain
551,Alyangula,AU,-13.8483,136.4192,57.07,100,92,0.0,overcast clouds
552,Busembatia,UG,0.7697,33.6131,64.09,74,75,5.64,broken clouds
553,Kantabanji,IN,20.4833,82.9167,77.45,82,94,5.48,overcast clouds
554,Nicolas Bravo,MX,18.45,-88.9167,90.48,46,82,4.99,broken clouds
555,Cortland,US,42.6001,-76.083,82.67,57,1,9.22,clear sky
556,Simbahan,PH,6.3032,120.5836,82.71,80,39,11.77,scattered clouds
557,Senneterre,CA,48.3835,-77.2328,75.42,63,38,8.39,scattered clouds
558,Viedma,AR,-40.8135,-62.9967,46.13,49,35,8.52,scattered clouds
559,Pacific Grove,US,36.6177,-121.9166,91.29,78,20,5.99,few clouds
560,Xinzhi,CN,36.4989,111.7047,76.8,73,88,3.44,overcast clouds
561,Marang,MY,5.2056,103.2059,80.51,85,71,3.76,moderate rain
562,College,US,64.8569,-147.8028,68.58,54,75,8.05,broken clouds
563,Springbok,ZA,-29.6643,17.8865,53.55,31,100,12.06,overcast clouds
564,Barauna,BR,-5.08,-37.6167,78.57,72,88,6.64,overcast clouds
565,Sao Felix Do Xingu,BR,-6.6447,-51.995,80.26,40,69,2.33,broken clouds
566,Inirida,CO,3.8653,-67.9239,77.38,93,100,2.59,overcast clouds
567,Souillac,MU,-20.5167,57.5167,70.18,60,20,8.05,few clouds
568,Moba,CN,33.2288,105.0179,62.92,93,80,4.92,broken clouds
569,Makat,KZ,47.6469,53.3463,79.18,29,0,16.08,clear sky
570,Dalaba,GN,10.7,-12.25,63.36,99,100,3.02,moderate rain
571,Poum,NC,-20.2333,164.0167,72.91,74,4,18.41,clear sky
572,Fryanovo,RU,56.1333,38.45,61.12,58,96,2.98,overcast clouds
573,Shiyan,CN,32.6475,110.7781,77.41,90,0,2.91,clear sky
574,Gryazi,RU,52.4966,39.9359,62.22,57,76,5.37,broken clouds
575,Port Keats,AU,-14.25,129.55,68.95,57,79,5.86,broken clouds
576,Yebaishou,CN,41.3975,119.6408,69.96,88,97,4.7,overcast clouds
577,Jutai,BR,-5.1833,-68.9,82.29,69,89,2.37,overcast clouds
578,Najran,SA,17.4924,44.1277,84.85,38,88,1.03,overcast clouds
579,Saltillo,MX,25.4167,-101.0,86.47,27,8,13.47,clear sky
580,Lagoa,PT,39.05,-27.9833,69.42,83,79,12.26,broken clouds
581,Kapuskasing,CA,49.4169,-82.4331,78.89,53,75,10.36,smoke
582,Walvis Bay,NA,-22.9575,14.5053,72.55,18,31,18.41,scattered clouds
583,Maypangdan,PH,11.6519,125.4503,78.82,82,61,5.44,broken clouds
584,Mesetas,CO,3.3846,-74.0442,75.81,87,79,2.08,broken clouds
585,Sibolga,ID,1.7427,98.7792,76.51,82,53,2.66,broken clouds
586,Awjilah,LY,29.1081,21.2869,83.17,33,0,13.98,clear sky
587,Belaya Gora,RU,68.5333,146.4167,51.76,48,8,11.83,clear sky
588,Marsh Harbour,BS,26.5412,-77.0636,83.05,73,96,11.1,overcast clouds
589,Burnie,AU,-41.0667,145.9167,47.91,89,48,6.38,scattered clouds
590,Flin Flon,CA,54.7682,-101.865,66.04,63,40,5.75,scattered clouds
591,Puerto Madero,MX,14.7208,-92.4215,91.6,58,75,9.22,broken clouds
592,Yeppoon,AU,-23.1333,150.7333,42.58,47,2,5.44,clear sky
593,Bandundu,CD,-3.3167,17.3667,78.42,33,90,3.0,overcast clouds
594,Noyabrsk,RU,63.1994,75.4507,48.11,93,100,17.98,moderate rain
595,Arlit,NE,18.7369,7.3853,99.79,14,61,12.1,broken clouds
596,Rock Falls,US,41.7798,-89.689,87.8,48,1,8.05,clear sky
597,Soyo,AO,-6.1349,12.3689,71.28,90,70,5.93,broken clouds
598,Minbu,MM,20.1833,94.8833,80.11,80,100,6.82,overcast clouds
599,Margate,GB,51.3813,1.3862,64.69,91,59,1.01,broken clouds
600,Petropavlovsk-Kamchatskiy,RU,53.0452,158.6483,64.99,82,0,4.47,clear sky
601,Kasama,ZM,-10.2129,31.1808,45.09,77,1,4.5,clear sky
602,Cochrane,CA,51.1834,-114.4687,83.43,34,20,10.36,few clouds
603,Lazaro Cardenas,MX,17.9583,-102.2,85.95,73,17,10.33,few clouds
604,Hervey Bay,AU,-25.2986,152.8535,57.04,60,4,12.44,clear sky
605,Namatanai,PG,-3.6667,152.4333,80.06,81,93,1.97,light rain
606,Polyarnyy,RU,69.1989,33.4478,45.07,80,96,17.22,overcast clouds
607,Belmonte,BR,-15.8631,-38.8828,68.5,86,68,9.8,broken clouds
608,Qarqin,AF,37.4185,66.0436,89.64,14,0,8.63,clear sky
609,Gberia Fotombu,SL,9.8833,-11.1667,69.8,99,100,5.82,overcast clouds
610,Gloucester,GB,51.8657,-2.2431,68.22,72,100,4.43,overcast clouds
611,Watertown,US,42.3709,-71.1828,76.69,85,90,1.01,overcast clouds
612,Assiniboia,CA,49.6334,-105.9845,89.51,17,11,12.66,few clouds
613,Argentan,FR,48.75,-0.0167,63.32,98,61,6.38,broken clouds
614,Hofn,IS,64.2539,-15.2082,52.57,91,100,16.84,overcast clouds
615,Fairbanks,US,64.8378,-147.7164,69.03,53,75,3.0,broken clouds
616,Apiai,BR,-24.5094,-48.8425,57.31,59,1,3.44,clear sky
617,Kang,BW,-23.6752,22.7876,43.66,52,2,8.68,clear sky
618,Nobeoka,JP,32.5833,131.6667,76.77,90,100,5.7,overcast clouds
619,Ust-Maya,RU,60.4167,134.5333,65.05,69,6,5.06,clear sky
620,Willowick,US,41.6331,-81.4687,88.09,65,20,1.01,few clouds
621,Araouane,ML,18.9048,-3.5265,99.23,26,23,4.9,few clouds
622,Ormara,PK,25.2088,64.6357,82.0,84,100,11.54,overcast clouds
623,Herat,AF,34.5,62.0,85.1,13,2,28.63,clear sky
624,Usinsk,RU,65.9939,57.5281,43.7,89,93,9.53,overcast clouds
625,Torquay,GB,50.4638,-3.5143,66.58,43,79,4.59,broken clouds
626,Osakarovka,KZ,50.565,72.5692,61.09,85,8,10.42,clear sky
627,North Bend,US,43.4065,-124.2243,81.25,74,40,26.46,fog
628,Svetlogorsk,BY,52.6333,29.7333,63.88,74,32,5.37,scattered clouds
629,Elko,US,41.0002,-115.5012,99.73,7,17,5.01,few clouds
630,Havelock,US,34.8791,-76.9013,87.06,73,40,7.0,scattered clouds
631,Prince George,CA,53.9166,-122.753,64.26,68,1,1.01,clear sky
632,Sola,VU,-13.8833,167.55,79.47,89,75,0.0,broken clouds
633,Redmond,US,47.674,-122.1215,88.34,48,10,1.99,clear sky
634,Kushmurun,KZ,52.4503,64.6311,59.5,82,13,9.4,few clouds
635,Nabire,ID,-3.3667,135.4833,76.03,85,100,4.25,overcast clouds
636,Luorong,CN,24.4058,109.6086,78.37,82,16,2.51,few clouds
637,Buala,SB,-8.145,159.5921,82.09,79,31,7.25,scattered clouds
638,Freeport,US,40.6576,-73.5832,87.33,78,20,8.01,few clouds
639,Progreso,MX,21.2833,-89.6667,93.11,68,97,10.65,overcast clouds
640,Mehran,IR,33.1222,46.1646,101.68,14,0,12.44,clear sky
641,Makakilo City,US,21.3469,-158.0858,88.12,60,75,10.36,broken clouds
642,Morondava,MG,-20.2833,44.2833,69.6,57,22,14.09,few clouds
643,Benavente,ES,42.0025,-5.6783,60.91,59,100,13.42,overcast clouds
644,Sabha,LY,27.0377,14.4283,82.33,23,0,11.41,clear sky
645,Tateyama,JP,34.9833,139.8667,78.82,80,86,10.78,overcast clouds
646,Turukhansk,RU,65.8167,87.9833,63.34,76,34,1.95,scattered clouds
647,Kamaishi,JP,39.2667,141.8833,73.09,77,57,7.7,broken clouds
648,Olgod,DK,55.8068,8.6286,68.36,76,60,8.61,broken clouds
649,Lomovka,RU,53.9194,58.3672,54.52,80,0,2.39,clear sky
650,Shaowu,CN,27.3409,117.4831,75.96,94,100,4.21,overcast clouds
651,Mint Hill,US,35.1796,-80.6473,89.55,63,20,3.44,few clouds
652,Ketchikan,US,55.3422,-131.6461,61.27,67,90,8.05,light rain
653,Itaituba,BR,-4.2761,-55.9836,93.36,49,20,5.75,few clouds
654,Corinto,GR,37.9407,22.9573,80.89,43,0,2.75,clear sky
655,Abdanan,IR,32.9926,47.4198,90.12,17,51,12.33,broken clouds
656,Raga,SS,8.4596,25.678,70.39,98,100,3.04,light rain
657,Boyuibe,BO,-20.4167,-63.2833,93.11,38,15,4.56,few clouds
658,San Nicola,IT,40.6116,8.991,79.57,58,90,3.4,overcast clouds
659,Omsukchan,RU,62.5333,155.8,53.56,98,100,6.4,overcast clouds
660,Ixtapa,MX,20.7,-105.2,89.22,66,40,13.8,scattered clouds
661,Chupa,RU,66.27,33.0549,56.61,84,98,7.0,overcast clouds
662,Artyom,AZ,40.4723,50.333,80.74,73,0,28.23,clear sky
663,Praya,CV,14.9215,-23.5087,77.54,65,40,13.8,scattered clouds
664,Stabat,ID,3.761,98.4513,74.43,97,84,2.39,broken clouds
665,Bosobolo,CD,4.1833,19.9,72.32,84,96,2.71,overcast clouds
666,San Quintin,MX,30.4833,-115.95,68.58,82,100,5.57,overcast clouds
667,Codo,BR,-4.4553,-43.8856,79.45,50,58,1.3,broken clouds
668,Isla Aguada,MX,18.7833,-91.4667,87.84,72,94,15.55,overcast clouds
669,Priargunsk,RU,50.3691,119.1012,57.56,92,8,5.03,clear sky
670,Beyneu,KZ,45.3167,55.2,86.27,19,64,13.69,broken clouds
671,Yantal,RU,56.8471,105.2542,61.0,72,47,2.46,scattered clouds
672,Bairiki,KI,1.3292,172.9752,78.8,89,75,1.14,broken clouds
673,Sheridan,US,44.8333,-106.9173,100.02,18,1,3.0,clear sky
674,Lancaster,US,40.2504,-76.2499,90.75,66,1,1.01,clear sky
675,Udachnyy,RU,66.4167,112.4,72.45,56,56,11.61,broken clouds
676,Santa Marinella,IT,42.0345,11.8536,87.28,69,69,17.36,broken clouds
677,Roswell,US,34.0232,-84.3616,91.38,64,20,1.99,few clouds
678,Chiang Rai,TH,19.9167,99.9167,75.18,100,75,0.0,light rain
679,De Aar,ZA,-30.6497,24.0123,42.08,28,85,6.04,overcast clouds
680,Huangmei,CN,30.1924,116.025,76.48,85,81,3.94,broken clouds
681,Pangody,RU,65.85,74.4859,48.45,80,100,9.31,overcast clouds
682,Lubumbashi,CD,-11.6609,27.4794,54.46,49,2,7.99,clear sky
683,Dalby,AU,-27.1833,151.2667,32.7,67,61,8.55,broken clouds
684,Denpasar,ID,-8.65,115.2167,73.06,88,40,1.14,scattered clouds
685,Bondowoso,ID,-7.9135,113.8214,68.83,49,2,0.85,clear sky
686,Naryan-Mar,RU,67.6713,53.087,38.98,93,32,13.22,scattered clouds
